latitude,longitude,predicted_risk
48.0394,14.4267,0.99827087
48.0394,14.4267,0.99827087
48.0394,14.4267,0.99827087
48.0394,14.4267,0.99827087
48.0394,14.4267,0.99827087
-15.2816,144.8387,0.9950659
-15.2816,144.8387,0.9950659
-16.179607,145.281892,0.95116335
-16.179607,145.281892,0.95116335
-16.179607,145.281892,0.95116335
-17.13336111,145.7645556,0.96956563
-17.13336111,145.7645556,0.96956563
-17.54563889,145.9325278,0.9968874
-17.54563889,145.9325278,0.9968874
-17.54563889,145.9325278,0.9968874
-18.1926,145.3321,0.8627392
-18.1926,145.3321,0.8627392
-18.1926,145.3321,0.8627392
-18.488994,145.936037,0.9796765
-18.488994,145.936037,0.9796765
-19.63313611,147.1102778,0.99371225
-19.63313611,147.1102778,0.99371225
-19.63313611,147.1102778,0.99371225
-21.27237,148.8203,0.7258761
-21.27237,148.8203,0.7258761
-21.27237,148.8203,0.7258761
-21.3228,148.8351167,0.98245484
-21.3228,148.8351167,0.98245484
-21.17712,148.83108,0.99643815
-21.17712,148.83108,0.99643815
-21.17712,148.83108,0.99643815
-22.03574,149.13149,0.9948666
-22.03574,149.13149,0.9948666
-22.17077778,148.3841667,0.99807537
-22.17077778,148.3841667,0.99807537
-22.17077778,148.3841667,0.99807537
-21.76938,148.78657,0.9634512
-21.76938,148.78657,0.9634512
-21.76938,148.78657,0.9634512
-23.98498333,151.0975639,0.99932563
-23.98498333,151.0975639,0.99932563
-23.98498333,151.0975639,0.99932563
-23.98498333,151.0975639,0.99932563
-23.98498333,151.0975639,0.99932563
-23.98498333,151.0975639,0.99932563
-25.71077157,151.8083241,0.9985777
-25.71077157,151.8083241,0.9985777
-25.71077157,151.8083241,0.9985777
-25.71077157,151.8083241,0.9985777
-25.71077157,151.8083241,0.9985777
-25.6814991,151.0076804,0.97700727
-25.6814991,151.0076804,0.97700727
-25.6814991,151.0076804,0.97700727
-25.6814991,151.0076804,0.97700727
-25.76832547,152.5273595,0.99920005
-25.76832547,152.5273595,0.99920005
-25.76832547,152.5273595,0.99920005
-25.76832547,152.5273595,0.99920005
-27.833618,152.987672,0.97780824
-27.833618,152.987672,0.97780824
-27.5336733,151.2032948,0.9988821
-27.5336733,151.2032948,0.9988821
-27.5336733,151.2032948,0.9988821
-27.5336733,151.2032948,0.9988821
-27.5336733,151.2032948,0.9988821
-27.5336733,151.2032948,0.9988821
-27.24815,145.9696833,0.99750584
-27.24815,145.9696833,0.99750584
-27.24815,145.9696833,0.99750584
-20.70123436,118.2986313,0.9939632
-20.70123436,118.2986313,0.9939632
-21.1926,119.7146,0.8856634
-21.1926,119.7146,0.8856634
-21.1926,119.7146,0.8856634
-18.01519219,126.3106156,0.9973423
-18.01519219,126.3106156,0.9973423
-18.01519219,126.3106156,0.9973423
-13.417588,142.920737,0.9985037
-13.417588,142.920737,0.9985037
-13.417588,142.920737,0.9985037
-9.4097,-72.7158,0.99545246
-9.4097,-72.7158,0.99545246
-9.4097,-72.7158,0.99545246
-11.0178,-68.745,0.9987165
-11.0178,-68.745,0.9987165
-11.0178,-68.745,0.9987165
-10.6514,-68.5061,0.998548
-10.6514,-68.5061,0.998548
-10.6514,-68.5061,0.998548
3.3783,-59.8156,0.9929905
3.3783,-59.8156,0.9929905
3.3783,-59.8156,0.9929905
4.1675,-60.5289,0.9982666
4.1675,-60.5289,0.9982666
4.1675,-60.5289,0.9982666
4.1675,-60.5289,0.9982666
-14.3692,-48.2033,0.9979831
-14.3692,-48.2033,0.9979831
-14.3692,-48.2033,0.9979831
-14.1836,-48.0903,0.99545985
-14.1836,-48.0903,0.99545985
-14.1836,-48.0903,0.99545985
-9.3114,-47.8133,0.99790823
-9.3114,-47.8133,0.99790823
-9.3114,-47.8133,0.99790823
-16.0778,-53.5475,0.99935716
-16.0778,-53.5475,0.99935716
-16.0778,-53.5475,0.99935716
-16.3025,-51.4692,0.9981178
-16.3025,-51.4692,0.9981178
-16.3025,-51.4692,0.9981178
-16.3025,-51.4692,0.9981178
-15.9397,-51.3575,0.99567753
-15.9397,-51.3575,0.99567753
-9.4672,-35.8597,0.99796826
-9.4672,-35.8597,0.99796826
-9.4672,-35.8597,0.99796826
-9.4672,-35.8597,0.99796826
-18.6769,-45.5658,0.8799724
-18.6769,-45.5658,0.8799724
-18.6769,-45.5658,0.8799724
-18.4031,-45.7344,0.99504685
-18.4031,-45.7344,0.99504685
-18.4031,-45.7344,0.99504685
-18.1089,-45.4619,0.9964676
-18.1089,-45.4619,0.9964676
-18.1089,-45.4619,0.9964676
-19.5597,-43.9111,0.8618412
-19.5597,-43.9111,0.8618412
-19.5597,-43.9111,0.8618412
-19.5597,-43.9111,0.8618412
-19.5597,-43.9111,0.8618412
-18.645,-44.0506,0.9949202
-18.645,-44.0506,0.9949202
-18.645,-44.0506,0.9949202
-17.1211,-45.4356,0.94855213
-17.1211,-45.4356,0.94855213
-17.1211,-45.4356,0.94855213
-17.1211,-45.4356,0.94855213
-16.4289,-45.7403,0.997474
-16.4289,-45.7403,0.997474
-16.4289,-45.7403,0.997474
-14.6333,-39.2,0.9747185
-14.6333,-39.2,0.9747185
-14.6333,-39.2,0.9747185
-14.8444,-39.3311,0.9990427
-14.8444,-39.3311,0.9990427
-14.8444,-39.3311,0.9990427
-14.8444,-39.3311,0.9990427
-14.815,-39.2961,0.99916184
-14.815,-39.2961,0.99916184
-14.815,-39.2961,0.99916184
-17.3167,-43.2,0.9988669
-17.3167,-43.2,0.9988669
-17.3128,-43.2078,0.9988669
-17.3128,-43.2078,0.9988669
-17.3128,-43.2078,0.9988669
-16.95,-42.5,0.9990275
-16.95,-42.5,0.9990275
-16.95,-42.5,0.9990275
-20.3839,-42.9028,0.87458915
-20.3839,-42.9028,0.87458915
-20.3839,-42.9028,0.87458915
-20.3839,-42.9028,0.87458915
-19.9944,-42.6744,0.9939851
-19.9944,-42.6744,0.9939851
-19.9944,-42.6744,0.9939851
-19.65,-42.8667,0.99298084
-19.2322,-43.02,0.9991196
-19.2322,-43.02,0.9991196
-19.2322,-43.02,0.9991196
-19.2322,-43.02,0.9991196
-19.2322,-43.02,0.9991196
-19.7431,-41.7853,0.75824016
-19.7431,-41.7853,0.75824016
-19.7431,-41.7853,0.75824016
-21.5422,-42.1806,0.9987153
-21.5422,-42.1806,0.9987153
-21.5422,-42.1806,0.9987153
-21.5422,-42.1806,0.9987153
-21.5422,-42.1806,0.9987153
-21.5422,-42.1806,0.9987153
-21.5422,-42.1806,0.9987153
-21.1425,-44.7397,0.83897734
-21.1425,-44.7397,0.83897734
-21.1425,-44.7397,0.83897734
-21.1425,-44.7397,0.83897734
-21.1425,-44.7397,0.83897734
-21.1425,-44.7397,0.83897734
-21.1425,-44.7397,0.83897734
-21.1425,-44.7397,0.83897734
-23.0858,-50.2853,0.9944581
-23.0858,-50.2853,0.9944581
-23.0858,-50.2853,0.9944581
-23.0858,-50.2853,0.9944581
-23.0858,-50.2853,0.9944581
-23.0858,-50.2853,0.9944581
-23.0858,-50.2853,0.9944581
-23.0858,-50.2853,0.9944581
-23.4,-50.45,0.72503316
-23.4,-50.45,0.72503316
-23.4,-50.45,0.72503316
-24.51,-50.41,0.9986596
-24.51,-50.41,0.9986596
-24.51,-50.41,0.9986596
-24.51,-50.41,0.9986596
-24.51,-50.41,0.9986596
-24.51,-50.41,0.9986596
-24.51,-50.41,0.9986596
-24.51,-50.41,0.9986596
-24.83,-51.1422,0.99896884
-24.83,-51.1422,0.99896884
-24.83,-51.1422,0.99896884
-24.83,-51.1422,0.99896884
-24.83,-51.1422,0.99896884
-24.83,-51.1422,0.99896884
-24.3444,-51.4239,0.9989502
-24.3444,-51.4239,0.9989502
-24.3444,-51.4239,0.9989502
-24.3444,-51.4239,0.9989502
-24.1058,-51.4822,0.9845264
-24.1058,-51.4822,0.9845264
-24.1058,-51.4822,0.9845264
-24.1058,-51.4822,0.9845264
-24.0167,-51.95,0.9964736
-24.0167,-51.95,0.9964736
-24.0167,-51.95,0.9964736
-24.0167,-51.95,0.9964736
-24.9472,-52.5978,0.99880433
-24.9472,-52.5978,0.99880433
-24.9472,-52.5978,0.99880433
-24.8661,-52.7628,0.9995882
-24.8661,-52.7628,0.9995882
-24.8661,-52.7628,0.9995882
-24.8661,-52.7628,0.9995882
-24.7831,-52.2331,0.9950105
-24.7831,-52.2331,0.9950105
-24.7831,-52.2331,0.9950105
-24.7486,-52.7028,0.99893636
-24.7486,-52.7028,0.99893636
-24.7486,-52.7028,0.99893636
-24.7486,-52.7028,0.99893636
-24.7486,-52.7028,0.99893636
-24.7519,-52.8767,0.9997671
-24.7519,-52.8767,0.9997671
-24.7519,-52.8767,0.9997671
-25.5986,-49.2592,0.9948249
-25.5986,-49.2592,0.9948249
-25.5986,-49.2592,0.9948249
-25.6136,-49.3567,0.9914072
-25.6136,-49.3567,0.9914072
-25.6136,-49.3567,0.9914072
-25.5797,-49.5831,0.9973973
-25.5797,-49.5831,0.9973973
-25.5797,-49.5831,0.9973973
-25.5797,-49.5831,0.9973973
-25.4653,-49.7669,0.9954596
-25.4653,-49.7669,0.9954596
-25.5339,-51.8156,0.8354767
-25.5339,-51.8156,0.8354767
-25.6381,-51.9672,0.9494044
-25.6381,-51.9672,0.9494044
-25.6381,-51.9672,0.9494044
-25.6381,-51.9672,0.9494044
-25.6381,-51.9672,0.9494044
-25.6381,-51.9672,0.9494044
-26.0294,-52.6283,0.9965969
-26.0294,-52.6283,0.9965969
-26.0294,-52.6283,0.9965969
-26.1525,-53.02,0.9798609
-26.1525,-53.02,0.9798609
-26.1525,-53.02,0.9798609
-26.1525,-53.02,0.9798609
-25.7739,-52.9328,0.999778
-25.7739,-52.9328,0.999778
-25.7739,-52.9328,0.999778
-25.7739,-52.9328,0.999778
-25.7739,-52.9328,0.999778
-25.4331,-53.5167,0.98389935
-25.4331,-53.5167,0.98389935
-25.4331,-53.5167,0.98389935
-14.6536,-56.1322,0.9184132
-14.6536,-56.1322,0.9184132
-14.6536,-56.1322,0.9184132
-14.6536,-56.1322,0.9184132
-28.4394,-50.3019,0.99809855
-28.4394,-50.3019,0.99809855
-28.4394,-50.3019,0.99809855
-28.4394,-50.3019,0.99809855
-28.2108,-50.7586,0.99903464
-28.2108,-50.7586,0.99903464
-28.2108,-50.7586,0.99903464
-28.2108,-50.7586,0.99903464
-28.2108,-50.7586,0.99903464
-28.2108,-50.7586,0.99903464
-27.3339,-50.7539,0.99917406
-27.3339,-50.7539,0.99917406
-27.3339,-50.7539,0.99917406
-27.3339,-50.7539,0.99917406
-27.3339,-50.7539,0.99917406
-27.3339,-50.7539,0.99917406
-27.3339,-50.7539,0.99917406
-27.3339,-50.7539,0.99917406
-27.5378,-50.8522,0.9995426
-27.5378,-50.8522,0.9995426
-27.5378,-50.8522,0.9995426
-27.5378,-50.8522,0.9995426
-27.5378,-50.8522,0.9995426
-27.5378,-50.8522,0.9995426
-27.5619,-51.8578,0.9988605
-27.5619,-51.8578,0.9988605
-27.5619,-51.8578,0.9988605
-27.5619,-51.8578,0.9988605
-27.5619,-51.8578,0.9988605
-27.5619,-51.8578,0.9988605
-27.5619,-51.8578,0.9988605
-27.0881,-51.2581,0.99678564
-27.0881,-51.2581,0.99678564
-27.0881,-51.2581,0.99678564
-27.4461,-51.8611,0.9982552
-27.4461,-51.8611,0.9982552
-27.4461,-51.8611,0.9982552
-27.4461,-51.8611,0.9982552
-27.4461,-51.8611,0.9982552
-27.4461,-51.8611,0.9982552
-27.7992,-53.0561,0.99311924
-27.7992,-53.0561,0.99311924
-27.7992,-53.0561,0.99311924
-27.2786,-53.3203,0.9988606
-27.2786,-53.3203,0.9988606
-27.2786,-53.3203,0.9988606
-27.2786,-53.3203,0.9988606
-27.2786,-53.3203,0.9988606
-27.2786,-53.3203,0.9988606
-27.2786,-53.3203,0.9988606
-27.3328,-53.6414,0.9865117
-27.3328,-53.6414,0.9865117
-27.3328,-53.6414,0.9865117
-27.3328,-53.6414,0.9865117
-27.3328,-53.6414,0.9865117
-27.5219,-54.2322,0.8724666
-27.5219,-54.2322,0.8724666
-27.5219,-54.2322,0.8724666
-27.5219,-54.2322,0.8724666
-27.5219,-54.2322,0.8724666
-27.5219,-54.2322,0.8724666
-28.3553,-54.2683,0.998511
-28.3553,-54.2683,0.998511
-28.3553,-54.2683,0.998511
-28.3553,-54.2683,0.998511
-28.3553,-54.2683,0.998511
-28.3553,-54.2683,0.998511
-28.3553,-54.2683,0.998511
-28.2119,-54.6042,0.9993043
-28.2119,-54.6042,0.9993043
-28.2119,-54.6042,0.9993043
-28.1814,-54.7383,0.9995459
-28.1814,-54.7383,0.9995459
-28.1814,-54.7383,0.9995459
-28.1814,-54.7383,0.9995459
-28.1814,-54.7383,0.9995459
-28.6569,-54.4589,0.99940455
-28.6569,-54.4589,0.99940455
-28.6569,-54.4589,0.99940455
-28.6569,-54.4589,0.99940455
-28.6569,-54.4589,0.99940455
-28.6569,-54.4589,0.99940455
-28.5792,-54.915,0.97264445
-28.5792,-54.915,0.97264445
-28.5792,-54.915,0.97264445
-28.5792,-54.915,0.97264445
-28.5792,-54.915,0.97264445
-28.2119,-55.3197,0.99930453
-28.2119,-55.3197,0.99930453
-28.2119,-55.3197,0.99930453
-28.2119,-55.3197,0.99930453
-28.2119,-55.3197,0.99930453
-28.2119,-55.3197,0.99930453
-28.2119,-55.3197,0.99930453
-28.6828,-55.5794,0.99947065
-28.6828,-55.5794,0.99947065
-28.6828,-55.5794,0.99947065
-28.6828,-55.5794,0.99947065
-29.5561,-54.3422,0.99873394
-29.5561,-54.3422,0.99873394
-29.5561,-54.3422,0.99873394
-29.5561,-54.3422,0.99873394
-29.5561,-54.3422,0.99873394
-29.5561,-54.3422,0.99873394
-29.5561,-54.3422,0.99873394
-29.6653,-54.4714,0.77745825
-29.6653,-54.4714,0.77745825
-30.2808,-54.9031,0.99968874
-30.2808,-54.9031,0.99968874
-30.2808,-54.9031,0.99968874
-30.2808,-54.9031,0.99968874
-29.3094,-55.7058,0.9854187
-29.3094,-55.7058,0.9854187
-29.3094,-55.7058,0.9854187
-29.3094,-55.7058,0.9854187
-29.3094,-55.7058,0.9854187
-29.3094,-55.7058,0.9854187
-29.7686,-55.7872,0.9993123
-29.7686,-55.7872,0.9993123
-29.7686,-55.7872,0.9993123
-29.7686,-55.7872,0.9993123
-29.7686,-55.7872,0.9993123
-29.7686,-55.7872,0.9993123
-29.7686,-55.7872,0.9993123
-30.3847,-56.4656,0.99853003
-30.3847,-56.4656,0.99853003
-30.3847,-56.4656,0.99853003
-24.9028,-49.4417,0.99354583
-24.9028,-49.4417,0.99354583
-24.9028,-49.4417,0.99354583
-24.7964,-49.2725,0.99943477
-24.7964,-49.2725,0.99943477
-24.7964,-49.2725,0.99943477
-24.7964,-49.2725,0.99943477
-24.7964,-49.2725,0.99943477
-24.7964,-49.2725,0.99943477
-24.7964,-49.2725,0.99943477
-24.7964,-49.2725,0.99943477
-25.5136,-48.8842,0.9928341
-25.5136,-48.8842,0.9928341
-25.5136,-48.8842,0.9928341
-27.0539,-49.5167,0.99899715
-27.0539,-49.5167,0.99899715
-27.0539,-49.5167,0.99899715
-27.0539,-49.5167,0.99899715
-27.0539,-49.5167,0.99899715
-27.0539,-49.5167,0.99899715
-27.0539,-49.5167,0.99899715
-27.0539,-49.5167,0.99899715
-28.3258,-49.1792,0.9739629
-28.3258,-49.1792,0.9739629
-29.9258,-53.4167,0.9995788
-29.9258,-53.4167,0.9995788
-29.9258,-53.4167,0.9995788
-29.9258,-53.4167,0.9995788
-29.9258,-53.4167,0.9995788
-28.8056,-50.495,0.987823
-28.8056,-50.495,0.987823
-28.8056,-50.495,0.987823
-28.8056,-50.495,0.987823
-28.8056,-50.495,0.987823
-28.8056,-50.495,0.987823
-28.8667,-51.1167,0.99485
-28.8667,-51.1167,0.99485
-28.7392,-51.425,0.9993718
-28.7392,-51.425,0.9993718
-28.7392,-51.425,0.9993718
-28.7392,-51.425,0.9993718
-28.7392,-51.425,0.9993718
-28.7392,-51.425,0.9993718
-28.8675,-51.4456,0.998552
-28.8675,-51.4456,0.998552
-28.8675,-51.4456,0.998552
-28.8675,-51.4456,0.998552
-28.8675,-51.4456,0.998552
-28.8675,-51.4456,0.998552
-28.8675,-51.4456,0.998552
-28.8489,-51.8325,0.99907994
-28.8489,-51.8325,0.99907994
-28.8489,-51.8325,0.99907994
-28.8489,-51.8325,0.99907994
-28.8489,-51.8325,0.99907994
-28.8489,-51.8325,0.99907994
-29.2161,-52.1622,0.92014885
-29.2161,-52.1622,0.92014885
-29.2161,-52.1622,0.92014885
-29.2161,-52.1622,0.92014885
-29.2161,-52.1622,0.92014885
-29.5886,-51.3822,0.9871062
-29.5886,-51.3822,0.9871062
-29.5886,-51.3822,0.9871062
-29.7589,-51.1506,0.99755305
-29.7589,-51.1506,0.99755305
-29.7589,-51.1506,0.99755305
47.90866852,-66.94805908,0.9991574
47.90866852,-66.94805908,0.9991574
47.90866852,-66.94805908,0.9991574
47.90866852,-66.94805908,0.9991574
46.73600006,-65.8256073,0.97015125
46.73600006,-65.8256073,0.97015125
46.73600006,-65.8256073,0.97015125
46.73600006,-65.8256073,0.97015125
46.73600006,-65.8256073,0.97015125
46.73600006,-65.8256073,0.97015125
48.89944077,-72.21166992,0.9980282
48.89944077,-72.21166992,0.9980282
48.89944077,-72.21166992,0.9980282
50.21139145,-66.66056061,0.9966709
50.21139145,-66.66056061,0.9966709
50.21139145,-66.66056061,0.9966709
50.68582916,-64.58083344,0.99687624
50.68582916,-64.58083344,0.99687624
49.2677803,-81.64167023,0.7439621
49.2677803,-81.64167023,0.7439621
49.2677803,-81.64167023,0.7439621
49.2677803,-81.64167023,0.7439621
49.2677803,-81.64167023,0.7439621
49.2677803,-81.64167023,0.7439621
49.2677803,-81.64167023,0.7439621
49.2677803,-81.64167023,0.7439621
49.6139183,-83.26667023,0.9984475
49.6139183,-83.26667023,0.9984475
49.6139183,-83.26667023,0.9984475
49.6139183,-83.26667023,0.9984475
49.6139183,-83.26667023,0.9984475
49.6139183,-83.26667023,0.9984475
49.6139183,-83.26667023,0.9984475
49.6139183,-83.26667023,0.9984475
51.07672119,-80.76407623,0.9467174
51.07672119,-80.76407623,0.9467174
51.07672119,-80.76407623,0.9467174
54.49805832,-98.04805756,0.99885225
54.49805832,-98.04805756,0.99885225
54.49805832,-98.04805756,0.99885225
54.49805832,-98.04805756,0.99885225
55.0819397,-122.913063,0.99652797
55.0819397,-122.913063,0.99652797
55.0819397,-122.913063,0.99652797
56.73443985,-131.6689911,0.9984006
56.73443985,-131.6689911,0.9984006
56.73443985,-131.6689911,0.9984006
56.73443985,-131.6689911,0.9984006
54.49362946,-128.3246613,0.99702954
54.49362946,-128.3246613,0.99702954
54.49362946,-128.3246613,0.99702954
54.04872131,-128.690506,0.9898984
54.04872131,-128.690506,0.9898984
54.04872131,-128.690506,0.9898984
54.04872131,-128.690506,0.9898984
49.79502106,-123.2031631,0.99720615
49.79502106,-123.2031631,0.99720615
49.79502106,-123.2031631,0.99720615
50.98952866,-124.9181137,0.99476
50.98952866,-124.9181137,0.99476
50.98952866,-124.9181137,0.99476
49.70230865,-126.111412,0.97748524
49.70230865,-126.111412,0.97748524
49.70230865,-126.111412,0.97748524
54.23117065,-121.6687469,0.9951132
54.23117065,-121.6687469,0.9951132
54.23117065,-121.6687469,0.9951132
54.23117065,-121.6687469,0.9951132
48.98471832,-119.617218,0.79431474
48.98471832,-119.617218,0.79431474
48.98471832,-119.617218,0.79431474
48.98471832,-119.617218,0.79431474
48.98471832,-119.617218,0.79431474
48.98471832,-119.617218,0.79431474
48.98471832,-119.617218,0.79431474
23.35,101.5,0.78107595
23.35,101.5,0.78107595
23.35,101.5,0.78107595
24.66666667,98.65,0.96147346
24.66666667,98.65,0.96147346
24.66666667,98.65,0.96147346
49.0734,9.1457,0.8557768
49.0734,9.1457,0.8557768
49.0734,9.1457,0.8557768
49.0734,9.1457,0.8557768
49.0734,9.1457,0.8557768
49.0734,9.1457,0.8557768
49.0734,9.1457,0.8557768
-1.0181,-79.4619,0.9927296
-1.0181,-79.4619,0.9927296
44.19,4.53,0.9571758
44.19,4.53,0.9571758
44.19,4.53,0.9571758
48.5,3.7,0.9927878
48.5,3.7,0.9927878
48.5,3.7,0.9927878
48.1,22.8167,0.9950218
48.1,22.8167,0.9950218
48.1,22.8167,0.9950218
48.1,22.8167,0.9950218
22.9617,70.7644,0.99078923
22.9617,70.7644,0.99078923
22.9617,70.7644,0.99078923
22.7358,80.5131,0.9995159
22.7358,80.5131,0.9995159
22.7358,80.5131,0.9995159
22.7358,80.5131,0.9995159
22.7608,80.6236,0.9996351
22.7608,80.6236,0.9996351
22.7608,80.6236,0.9996351
22.9289,79.3394,0.9998567
22.9289,79.3394,0.9998567
22.9228,78.7908,0.99917835
22.9228,78.7908,0.99917835
22.9228,78.7908,0.99917835
22.4058,77.3081,0.9993794
22.4058,77.3081,0.9993794
21.2994,76.235,0.99974936
21.2994,76.235,0.99974936
21.2994,76.235,0.99974936
21.0158,73.1356,0.9990638
21.0158,73.1356,0.9990638
21.0158,73.1356,0.9990638
21.0158,73.1356,0.9990638
20.8581,72.985,0.9941637
20.8581,72.985,0.9941637
20.8581,72.985,0.9941637
24.1889,91.8308,0.99299437
24.1889,91.8308,0.99299437
24.1889,91.8308,0.99299437
19.0594,82.2758,0.9976199
19.0594,82.2758,0.9976199
19.0594,82.2758,0.9976199
19.0122,81.2325,0.9988489
19.0122,81.2325,0.9988489
19.0122,81.2325,0.9988489
19.3303,79.5042,0.999398
19.3303,79.5042,0.999398
19.3303,79.5042,0.999398
21.7189,78.8242,0.9984126
21.7189,78.8242,0.9984126
21.7189,78.8242,0.9984126
16.79,79.3388,0.9809038
16.79,79.3388,0.9809038
18.3133,83.8842,0.9995449
18.3133,83.8842,0.9995449
18.3133,83.8842,0.9995449
15.7117,79.9697,0.9985581
15.7117,79.9697,0.9985581
15.7117,79.9697,0.9985581
18.8483,83.8731,0.9993894
18.8483,83.8731,0.9993894
18.8483,83.8731,0.9993894
18.8483,83.8731,0.9993894
18.8483,83.8731,0.9993894
8.7144,77.835,0.99879754
8.7144,77.835,0.99879754
8.7144,77.835,0.99879754
8.7144,77.835,0.99879754
22.3333,84.5042,0.99939036
22.3333,84.5042,0.99939036
22.3333,84.5042,0.99939036
22.3333,84.5042,0.99939036
21.2089,86.1233,0.9993818
21.2089,86.1233,0.9993818
21.2089,86.1233,0.9993818
21.2089,86.1233,0.9993818
22.0658,85.6733,0.8045923
22.0658,85.6733,0.8045923
21.5447,86.9186,0.9985251
21.5447,86.9186,0.9985251
20.9833,83.5394,0.999686
20.9833,83.5394,0.999686
20.9833,83.5394,0.999686
20.9833,83.5394,0.999686
22.1136,84.0086,0.99941695
22.1136,84.0086,0.99941695
22.1136,84.0086,0.99941695
22.1136,84.0086,0.99941695
21.9864,83.2042,0.99972564
21.9864,83.2042,0.99972564
21.9864,83.2042,0.99972564
19.5167,84.8833,0.99969316
19.5167,84.8833,0.99969316
22.7914,86.1736,0.9990976
22.7914,86.1736,0.9990976
22.7914,86.1736,0.9990976
22.7914,86.1736,0.9990976
11.9814,75.5875,0.9993962
11.9814,75.5875,0.9993962
11.9814,75.5875,0.9993962
9.9406,76.4744,0.997647
9.9406,76.4744,0.997647
9.9406,76.4744,0.997647
9.9406,76.4744,0.997647
10.8992,76.1972,0.9992932
10.8992,76.1972,0.9992932
10.8992,76.1972,0.9992932
9.3325,76.6631,0.9910238
9.3325,76.6631,0.9910238
9.3325,76.6631,0.9910238
15.4711,74.0994,0.9969963
15.4711,74.0994,0.9969963
15.4711,74.0994,0.9969963
12.8844,75.0431,0.9997353
12.8844,75.0431,0.9997353
12.8844,75.0431,0.9997353
12.8844,75.0431,0.9997353
19.1622,73.2544,0.99386024
19.1622,73.2544,0.99386024
44.949,8.686,0.99895096
44.949,8.686,0.99895096
44.949,8.686,0.99895096
44.949,8.686,0.99895096
44.949,8.686,0.99895096
44.949,8.686,0.99895096
44.7047,142.2672,0.99455655
44.7047,142.2672,0.99455655
44.7047,142.2672,0.99455655
44.7047,142.2672,0.99455655
44.8089,142.0706,0.9990398
44.8089,142.0706,0.9990398
44.8089,142.0706,0.9990398
44.8089,142.0706,0.9990398
44.8089,142.0706,0.9990398
43.6772,141.9817,0.9993393
43.6772,141.9817,0.9993393
43.6772,141.9817,0.9993393
43.6772,141.9817,0.9993393
43.6358,141.9181,0.9998497
43.6358,141.9181,0.9998497
43.6358,141.9181,0.9998497
43.6358,141.9181,0.9998497
43.4325,141.8394,0.9999335
43.4325,141.8394,0.9999335
43.4325,141.8394,0.9999335
43.4325,141.8394,0.9999335
43.4325,141.8394,0.9999335
43.3322,141.6906,0.9990005
43.3322,141.6906,0.9990005
43.3322,141.6906,0.9990005
43.3322,141.6906,0.9990005
42.9311,143.4433,0.9369474
42.9311,143.4433,0.9369474
42.9311,143.4433,0.9369474
42.9311,143.4433,0.9369474
42.9311,143.4433,0.9369474
37.5944,140.465,0.99453294
37.5944,140.465,0.99453294
37.5944,140.465,0.99453294
39.0653,141.1625,0.9964635
39.0653,141.1625,0.9964635
38.9483,141.1708,0.988393
38.9483,141.1708,0.988393
40.5022,141.4447,0.97959274
40.5022,141.4447,0.97959274
40.5022,141.4447,0.97959274
40.5022,141.4447,0.97959274
39.5478,140.2244,0.99878556
39.5478,140.2244,0.99878556
39.5478,140.2244,0.99878556
39.5478,140.2244,0.99878556
38.4814,140.35,0.998679
38.4814,140.35,0.998679
38.4814,140.35,0.998679
38.4814,140.35,0.998679
38.4814,140.35,0.998679
38.4814,140.35,0.998679
38.1983,140.1022,0.99908924
38.1983,140.1022,0.99908924
38.1983,140.1022,0.99908924
38.1983,140.1022,0.99908924
38.7019,140.2319,0.99609274
38.7019,140.2319,0.99609274
38.7019,140.2319,0.99609274
36.55,140.3258,0.9946609
36.55,140.3258,0.9946609
35.9817,139.89,0.9999132
35.9817,139.89,0.9999132
35.9817,139.89,0.9999132
35.9817,139.89,0.9999132
36.2544,139.6542,0.9958762
36.2544,139.6542,0.9958762
36.2544,139.6542,0.9958762
36.2544,139.6542,0.9958762
36.2619,139.7475,0.999236
36.2619,139.7475,0.999236
36.2619,139.7475,0.999236
36.2619,139.7475,0.999236
36.0903,139.7761,0.9999045
36.0903,139.7761,0.9999045
36.0903,139.7761,0.9999045
36.1217,139.7664,0.9998872
36.1217,139.7664,0.9998872
36.1217,139.7664,0.9998872
36.3019,139.5028,0.94127387
36.3019,139.5028,0.94127387
36.3019,139.5028,0.94127387
36.3019,139.5028,0.94127387
34.3469,135.6919,0.9662488
34.3469,135.6919,0.9662488
34.2181,135.3267,0.82781357
34.2181,135.3267,0.82781357
35.3011,135.2667,0.99402
35.3011,135.2667,0.99402
35.3011,135.2667,0.99402
35.3011,135.2667,0.99402
35.3108,135.1714,0.9997434
35.3108,135.1714,0.9997434
35.3108,135.1714,0.9997434
35.4825,134.7992,0.99861276
35.4825,134.7992,0.99861276
35.4825,134.7992,0.99861276
35.4825,134.7992,0.99861276
34.8753,134.1042,0.99573684
34.8753,134.1042,0.99573684
32.9383,130.5831,0.9987538
32.9383,130.5831,0.9987538
32.7347,130.7392,0.9987041
32.7347,130.7392,0.9987041
32.7347,130.7392,0.9987041
32.7347,130.7392,0.9987041
31.9086,130.4544,0.9976005
31.9086,130.4544,0.9976005
31.9086,130.4544,0.9976005
31.9086,130.4544,0.9976005
31.8625,130.3358,0.99783915
31.8625,130.3358,0.99783915
31.8625,130.3358,0.99783915
31.8625,130.3358,0.99783915
31.8625,130.3358,0.99783915
32.0156,130.5989,0.99050003
32.0156,130.5989,0.99050003
32.0156,130.5989,0.99050003
31.8597,131.1131,0.99939334
31.8597,131.1131,0.99939334
31.8597,131.1131,0.99939334
31.8597,131.1131,0.99939334
31.8597,131.1131,0.99939334
31.9547,131.3986,0.9991341
31.9547,131.3986,0.9991341
31.9547,131.3986,0.9991341
31.9547,131.3986,0.9991341
31.9547,131.3986,0.9991341
19.7867,102.1767,0.98951894
19.7867,102.1767,0.98951894
19.7867,102.1767,0.98951894
26.1708,-107.6958,0.99335057
26.1708,-107.6958,0.99335057
26.1708,-107.6958,0.99335057
23.9556,-106.5708,0.99992025
23.9556,-106.5708,0.99992025
23.9556,-106.5708,0.99992025
22.9833,-105.825,0.99972457
22.9833,-105.825,0.99972457
22.9833,-105.825,0.99972457
22.9833,-105.825,0.99972457
22.9833,-105.825,0.99972457
22.4833,-105.325,0.9994929
22.4833,-105.325,0.9994929
22.4833,-105.325,0.9994929
22.4833,-105.325,0.9994929
16.9292,-99.6083,0.99812347
16.9292,-99.6083,0.99812347
24.1125,-99.1325,0.9363182
24.1125,-99.1325,0.9363182
24.1125,-99.1325,0.9363182
21.1667,-98.2665,0.9982496
21.1667,-98.2665,0.9982496
21.1667,-98.2665,0.9982496
21.1667,-98.2665,0.9982496
21.0335,-98.1332,0.9998018
21.0335,-98.1332,0.9998018
21.0335,-98.1332,0.9998018
21.0335,-98.1332,0.9998018
21.0335,-98.1332,0.9998018
20.5467,-97.4583,0.999634
20.5467,-97.4583,0.999634
20.5467,-97.4583,0.999634
20.5467,-97.4583,0.999634
20.5467,-97.4583,0.999634
20.0617,-97.0283,0.9992478
20.0617,-97.0283,0.9992478
20.0617,-97.0283,0.9992478
20.0617,-97.0283,0.9992478
20.0617,-97.0283,0.9992478
19.3617,-96.36,0.99907935
19.3617,-96.36,0.99907935
19.3617,-96.36,0.99907935
19.3617,-96.36,0.99907935
19.3617,-96.36,0.99907935
17.88,-95.13,0.99960977
17.88,-95.13,0.99960977
17.88,-95.13,0.99960977
17.4381,-94.8667,0.99988616
17.4381,-94.8667,0.99988616
17.4381,-94.8667,0.99988616
17.4381,-94.8667,0.99988616
17.425,-93.3833,0.998879
17.425,-93.3833,0.998879
-18.5583,33.25,0.99263084
-18.5583,33.25,0.99263084
-38.007,176.995,0.9881302
-38.007,176.995,0.9881302
-38.007,176.995,0.9881302
-38.007,176.995,0.9881302
-38.007,176.995,0.9881302
-38.007,176.995,0.9881302
-37.862,177.6373,0.9992204
-37.862,177.6373,0.9992204
-37.862,177.6373,0.9992204
-37.862,177.6373,0.9992204
-37.862,177.6373,0.9992204
-46.1,168.9493,0.905834
-46.1,168.9493,0.905834
-46.1,168.9493,0.905834
-46.1,168.9493,0.905834
-46.1,168.9493,0.905834
-41.836,171.6992,0.99976164
-41.836,171.6992,0.99976164
-41.836,171.6992,0.99976164
-41.836,171.6992,0.99976164
-41.836,171.6992,0.99976164
8.2166,-80.9666,0.9951407
8.2166,-80.9666,0.9951407
8.2166,-80.9666,0.9951407
8.2166,-80.9666,0.9951407
9.2833,-82.5333,0.9652232
9.2833,-82.5333,0.9652232
9.2833,-82.5333,0.9652232
18.4291,-66.5266,0.99819034
18.4291,-66.5266,0.99819034
18.4291,-66.5266,0.99819034
18.4291,-66.5266,0.99819034
41.2,-8.17,0.99679714
41.2,-8.17,0.99679714
41.2,-8.17,0.99679714
53.68,88.08,0.99432737
53.68,88.08,0.99432737
53.68,88.08,0.99432737
53.68,88.08,0.99432737
53.68,88.08,0.99432737
58.8,97.23,0.9944608
58.8,97.23,0.9944608
58.8,97.23,0.9944608
53.33,87.23,0.9979656
53.33,87.23,0.9979656
53.33,87.23,0.9979656
53.33,87.23,0.9979656
53.33,87.23,0.9979656
53.33,87.23,0.9979656
56.18,86.4,0.84072316
56.18,86.4,0.84072316
56.18,86.4,0.84072316
56.18,86.4,0.84072316
56.18,86.4,0.84072316
56.18,86.4,0.84072316
56.18,86.4,0.84072316
46.0715,15.1812,0.99955624
46.0715,15.1812,0.99955624
46.0715,15.1812,0.99955624
46.0715,15.1812,0.99955624
46.0715,15.1812,0.99955624
46.0715,15.1812,0.99955624
46.0715,15.1812,0.99955624
46.0715,15.1812,0.99955624
46.0715,15.1812,0.99955624
45.982,13.655,0.9984554
45.982,13.655,0.9984554
45.982,13.655,0.9984554
45.982,13.655,0.9984554
45.982,13.655,0.9984554
45.982,13.655,0.9984554
45.982,13.655,0.9984554
45.8932,15.6097,0.9995435
45.8932,15.6097,0.9995435
45.8932,15.6097,0.9995435
45.8932,15.6097,0.9995435
45.8932,15.6097,0.9995435
45.8932,15.6097,0.9995435
48.3,25.9333,0.99609816
48.3,25.9333,0.99609816
48.3,25.9333,0.99609816
42.9481405,-71.4634002,0.9987703
42.9481405,-71.4634002,0.9987703
42.9481405,-71.4634002,0.9987703
42.9481405,-71.4634002,0.9987703
42.9481405,-71.4634002,0.9987703
42.9481405,-71.4634002,0.9987703
42.9481405,-71.4634002,0.9987703
42.9481405,-71.4634002,0.9987703
41.38380278,-73.16663889,0.99070626
41.38380278,-73.16663889,0.99070626
41.38380278,-73.16663889,0.99070626
41.38380278,-73.16663889,0.99070626
41.38380278,-73.16663889,0.99070626
41.38380278,-73.16663889,0.99070626
41.38380278,-73.16663889,0.99070626
41.38380278,-73.16663889,0.99070626
41.38380278,-73.16663889,0.99070626
42.8,-74.26277778,0.9851966
42.8,-74.26277778,0.9851966
42.8,-74.26277778,0.9851966
42.8,-74.26277778,0.9851966
42.8,-74.26277778,0.9851966
42.8,-74.26277778,0.9851966
42.8,-74.26277778,0.9851966
41.30916667,-74.79527778,0.9979315
41.30916667,-74.79527778,0.9979315
41.30916667,-74.79527778,0.9979315
41.30916667,-74.79527778,0.9979315
41.30916667,-74.79527778,0.9979315
41.30916667,-74.79527778,0.9979315
41.30916667,-74.79527778,0.9979315
41.30916667,-74.79527778,0.9979315
42.03527778,-75.8030556,0.9986255
42.03527778,-75.8030556,0.9986255
42.03527778,-75.8030556,0.9986255
42.03527778,-75.8030556,0.9986255
42.03527778,-75.8030556,0.9986255
42.03527778,-75.8030556,0.9986255
42.03527778,-75.8030556,0.9986255
42.03527778,-75.8030556,0.9986255
42.03527778,-75.8030556,0.9986255
42.03527778,-75.8030556,0.9986255
42.03527778,-75.8030556,0.9986255
42.0286111,-77.1322222,0.93779045
42.0286111,-77.1322222,0.93779045
42.0286111,-77.1322222,0.93779045
42.0286111,-77.1322222,0.93779045
42.0286111,-77.1322222,0.93779045
42.0286111,-77.1322222,0.93779045
42.0286111,-77.1322222,0.93779045
41.11755906,-78.108896,0.984666
41.11755906,-78.108896,0.984666
41.11755906,-78.108896,0.984666
41.11755906,-78.108896,0.984666
41.11755906,-78.108896,0.984666
41.11755906,-78.108896,0.984666
41.32507836,-76.91246379,0.9233177
41.32507836,-76.91246379,0.9233177
41.32507836,-76.91246379,0.9233177
41.32507836,-76.91246379,0.9233177
41.32507836,-76.91246379,0.9233177
41.32507836,-76.91246379,0.9233177
41.32507836,-76.91246379,0.9233177
41.32507836,-76.91246379,0.9233177
41.32507836,-76.91246379,0.9233177
40.47841677,-77.1291484,0.9995147
40.47841677,-77.1291484,0.9995147
40.47841677,-77.1291484,0.9995147
40.47841677,-77.1291484,0.9995147
40.47841677,-77.1291484,0.9995147
40.47841677,-77.1291484,0.9995147
40.47841677,-77.1291484,0.9995147
40.47841677,-77.1291484,0.9995147
40.47841677,-77.1291484,0.9995147
40.47841677,-77.1291484,0.9995147
40.47841677,-77.1291484,0.9995147
40.47841677,-77.1291484,0.9995147
40.4025897,-76.57718829,0.83485675
40.4025897,-76.57718829,0.83485675
40.4025897,-76.57718829,0.83485675
40.4025897,-76.57718829,0.83485675
40.4025897,-76.57718829,0.83485675
40.4025897,-76.57718829,0.83485675
40.4025897,-76.57718829,0.83485675
40.4025897,-76.57718829,0.83485675
40.4025897,-76.57718829,0.83485675
40.4025897,-76.57718829,0.83485675
39.44703879,-78.6541817,0.99858737
39.44703879,-78.6541817,0.99858737
39.44703879,-78.6541817,0.99858737
39.44703879,-78.6541817,0.99858737
39.44703879,-78.6541817,0.99858737
39.44703879,-78.6541817,0.99858737
39.44703879,-78.6541817,0.99858737
39.44703879,-78.6541817,0.99858737
39.44703879,-78.6541817,0.99858737
39.5823158,-78.3097312,0.8101092
39.5823158,-78.3097312,0.8101092
39.5823158,-78.3097312,0.8101092
39.5823158,-78.3097312,0.8101092
39.5823158,-78.3097312,0.8101092
39.5823158,-78.3097312,0.8101092
39.5823158,-78.3097312,0.8101092
39.5823158,-78.3097312,0.8101092
39.5823158,-78.3097312,0.8101092
38.32262796,-78.7547457,0.97114646
38.32262796,-78.7547457,0.97114646
38.32262796,-78.7547457,0.97114646
38.32262796,-78.7547457,0.97114646
38.32262796,-78.7547457,0.97114646
38.32262796,-78.7547457,0.97114646
38.32262796,-78.7547457,0.97114646
38.32262796,-78.7547457,0.97114646
38.32262796,-78.7547457,0.97114646
38.91400059,-78.21083388,0.99915767
38.91400059,-78.21083388,0.99915767
38.91400059,-78.21083388,0.99915767
38.91400059,-78.21083388,0.99915767
38.91400059,-78.21083388,0.99915767
38.91400059,-78.21083388,0.99915767
38.91400059,-78.21083388,0.99915767
38.91400059,-78.21083388,0.99915767
38.91400059,-78.21083388,0.99915767
39.28204576,-77.7891606,0.99926406
39.28204576,-77.7891606,0.99926406
39.28204576,-77.7891606,0.99926406
39.28204576,-77.7891606,0.99926406
39.28204576,-77.7891606,0.99926406
39.28204576,-77.7891606,0.99926406
39.28204576,-77.7891606,0.99926406
39.28204576,-77.7891606,0.99926406
39.28204576,-77.7891606,0.99926406
39.28204576,-77.7891606,0.99926406
39.4028333,-77.3660833,0.9315399
39.4028333,-77.3660833,0.9315399
39.4028333,-77.3660833,0.9315399
39.4028333,-77.3660833,0.9315399
39.4028333,-77.3660833,0.9315399
39.4028333,-77.3660833,0.9315399
39.4028333,-77.3660833,0.9315399
39.4028333,-77.3660833,0.9315399
38.35040774,-77.9749972,0.73628837
38.35040774,-77.9749972,0.73628837
38.35040774,-77.9749972,0.73628837
38.35040774,-77.9749972,0.73628837
38.35040774,-77.9749972,0.73628837
38.35040774,-77.9749972,0.73628837
38.35040774,-77.9749972,0.73628837
38.35040774,-77.9749972,0.73628837
38.35040774,-77.9749972,0.73628837
37.77374009,-79.7844925,0.84408414
37.77374009,-79.7844925,0.84408414
37.77374009,-79.7844925,0.84408414
37.77374009,-79.7844925,0.84408414
37.77374009,-79.7844925,0.84408414
37.77374009,-79.7844925,0.84408414
37.77374009,-79.7844925,0.84408414
37.77374009,-79.7844925,0.84408414
37.77374009,-79.7844925,0.84408414
37.76263275,-79.3914251,0.7752629
37.76263275,-79.3914251,0.7752629
37.76263275,-79.3914251,0.7752629
37.76263275,-79.3914251,0.7752629
37.76263275,-79.3914251,0.7752629
37.76263275,-79.3914251,0.7752629
37.76263275,-79.3914251,0.7752629
37.76263275,-79.3914251,0.7752629
37.8579192,-78.2658373,0.97437924
37.8579192,-78.2658373,0.97437924
37.8579192,-78.2658373,0.97437924
37.8579192,-78.2658373,0.97437924
37.8579192,-78.2658373,0.97437924
37.8579192,-78.2658373,0.97437924
37.8579192,-78.2658373,0.97437924
37.8579192,-78.2658373,0.97437924
37.10458716,-79.2953015,0.9906888
37.10458716,-79.2953015,0.9906888
37.10458716,-79.2953015,0.9906888
37.10458716,-79.2953015,0.9906888
37.10458716,-79.2953015,0.9906888
37.10458716,-79.2953015,0.9906888
37.10458716,-79.2953015,0.9906888
37.10458716,-79.2953015,0.9906888
37.10458716,-79.2953015,0.9906888
36.91514189,-78.7408384,0.9983918
36.91514189,-78.7408384,0.9983918
36.91514189,-78.7408384,0.9983918
36.91514189,-78.7408384,0.9983918
36.91514189,-78.7408384,0.9983918
36.91514189,-78.7408384,0.9983918
36.91514189,-78.7408384,0.9983918
36.64236056,-79.089459,0.99455667
36.64236056,-79.089459,0.99455667
36.64236056,-79.089459,0.99455667
36.64236056,-79.089459,0.99455667
36.64236056,-79.089459,0.99455667
36.64236056,-79.089459,0.99455667
36.64236056,-79.089459,0.99455667
35.7020934,-79.0864023,0.957535
35.7020934,-79.0864023,0.957535
35.7020934,-79.0864023,0.957535
35.7020934,-79.0864023,0.957535
35.7020934,-79.0864023,0.957535
35.4061111,-78.8133333,0.99824595
35.4061111,-78.8133333,0.99824595
35.4061111,-78.8133333,0.99824595
35.4061111,-78.8133333,0.99824595
35.4061111,-78.8133333,0.99824595
35.4061111,-78.8133333,0.99824595
35.4061111,-78.8133333,0.99824595
35.4061111,-78.8133333,0.99824595
35.4061111,-78.8133333,0.99824595
36.13166667,-80.44388889,0.98920166
36.13166667,-80.44388889,0.98920166
36.13166667,-80.44388889,0.98920166
36.13166667,-80.44388889,0.98920166
36.13166667,-80.44388889,0.98920166
35.85666667,-80.3869444,0.9989988
35.85666667,-80.3869444,0.9989988
35.85666667,-80.3869444,0.9989988
35.85666667,-80.3869444,0.9989988
35.85666667,-80.3869444,0.9989988
35.85666667,-80.3869444,0.9989988
35.85666667,-80.3869444,0.9989988
35.85666667,-80.3869444,0.9989988
35.85666667,-80.3869444,0.9989988
35.14888889,-80.1758333,0.9969553
35.14888889,-80.1758333,0.9969553
35.14888889,-80.1758333,0.9969553
35.14888889,-80.1758333,0.9969553
35.14888889,-80.1758333,0.9969553
35.14888889,-80.1758333,0.9969553
35.14888889,-80.1758333,0.9969553
35.14888889,-80.1758333,0.9969553
35.14888889,-80.1758333,0.9969553
34.5951393,-81.4212089,0.99828255
34.5951393,-81.4212089,0.99828255
34.5951393,-81.4212089,0.99828255
34.5951393,-81.4212089,0.99828255
34.5951393,-81.4212089,0.99828255
34.5951393,-81.4212089,0.99828255
34.5951393,-81.4212089,0.99828255
34.5951393,-81.4212089,0.99828255
34.85650727,-82.22622468,0.8272598
34.85650727,-82.22622468,0.8272598
34.070949,-82.64152248,0.9982821
34.070949,-82.64152248,0.9982821
34.070949,-82.64152248,0.9982821
34.070949,-82.64152248,0.9982821
34.070949,-82.64152248,0.9982821
34.0733333,-83.0033333,0.7119834
34.0733333,-83.0033333,0.7119834
34.0733333,-83.0033333,0.7119834
33.97416667,-82.77,0.9505701
33.97416667,-82.77,0.9505701
33.97416667,-82.77,0.9505701
33.97416667,-82.77,0.9505701
33.97416667,-82.77,0.9505701
33.97416667,-82.77,0.9505701
33.97416667,-82.77,0.9505701
33.97416667,-82.77,0.9505701
33.97416667,-82.77,0.9505701
33.30790004,-83.8382362,0.9838725
33.30790004,-83.8382362,0.9838725
33.30790004,-83.8382362,0.9838725
33.30790004,-83.8382362,0.9838725
33.30790004,-83.8382362,0.9838725
33.30790004,-83.8382362,0.9838725
33.30790004,-83.8382362,0.9838725
31.22064144,-81.8656651,0.7957023
31.22064144,-81.8656651,0.7957023
31.22064144,-81.8656651,0.7957023
31.22064144,-81.8656651,0.7957023
31.22064144,-81.8656651,0.7957023
31.22064144,-81.8656651,0.7957023
31.22064144,-81.8656651,0.7957023
31.22064144,-81.8656651,0.7957023
30.59548716,-83.2595906,0.9644893
30.59548716,-83.2595906,0.9644893
30.59548716,-83.2595906,0.9644893
30.59548716,-83.2595906,0.9644893
30.59548716,-83.2595906,0.9644893
30.59548716,-83.2595906,0.9644893
30.59548716,-83.2595906,0.9644893
30.59548716,-83.2595906,0.9644893
30.59548716,-83.2595906,0.9644893
30.38325266,-84.6549109,0.9805321
30.38325266,-84.6549109,0.9805321
30.38325266,-84.6549109,0.9805321
30.38325266,-84.6549109,0.9805321
30.38325266,-84.6549109,0.9805321
30.38325266,-84.6549109,0.9805321
30.38325266,-84.6549109,0.9805321
30.38325266,-84.6549109,0.9805321
30.38325266,-84.6549109,0.9805321
32.72138889,-84.2325,0.9991473
32.72138889,-84.2325,0.9991473
32.72138889,-84.2325,0.9991473
32.72138889,-84.2325,0.9991473
32.72138889,-84.2325,0.9991473
32.72138889,-84.2325,0.9991473
32.72138889,-84.2325,0.9991473
32.72138889,-84.2325,0.9991473
32.72138889,-84.2325,0.9991473
32.72138889,-84.2325,0.9991473
32.29821336,-84.0437965,0.9993451
32.29821336,-84.0437965,0.9993451
32.29821336,-84.0437965,0.9993451
32.29821336,-84.0437965,0.9993451
32.29821336,-84.0437965,0.9993451
32.29821336,-84.0437965,0.9993451
32.29821336,-84.0437965,0.9993451
32.29821336,-84.0437965,0.9993451
32.29305556,-84.0436111,0.99845946
32.29305556,-84.0436111,0.99845946
32.29305556,-84.0436111,0.99845946
32.29305556,-84.0436111,0.99845946
32.29305556,-84.0436111,0.99845946
32.29305556,-84.0436111,0.99845946
32.29305556,-84.0436111,0.99845946
32.29305556,-84.0436111,0.99845946
32.29305556,-84.0436111,0.99845946
32.29305556,-84.0436111,0.99845946
31.3429492,-85.6104912,0.8421289
31.3429492,-85.6104912,0.8421289
31.3429492,-85.6104912,0.8421289
31.3429492,-85.6104912,0.8421289
31.3429492,-85.6104912,0.8421289
31.3429492,-85.6104912,0.8421289
31.3429492,-85.6104912,0.8421289
31.3429492,-85.6104912,0.8421289
31.3429492,-85.6104912,0.8421289
30.94990438,-85.84299,0.9974016
30.94990438,-85.84299,0.9974016
30.77574389,-85.827711,0.99801147
30.77574389,-85.827711,0.99801147
30.77574389,-85.827711,0.99801147
30.77574389,-85.827711,0.99801147
30.77574389,-85.827711,0.99801147
30.77574389,-85.827711,0.99801147
30.77574389,-85.827711,0.99801147
30.77574389,-85.827711,0.99801147
30.7529664,-86.6291207,0.73358566
30.7529664,-86.6291207,0.73358566
30.7529664,-86.6291207,0.73358566
30.7529664,-86.6291207,0.73358566
30.7529664,-86.6291207,0.73358566
30.7529664,-86.6291207,0.73358566
30.7529664,-86.6291207,0.73358566
30.7529664,-86.6291207,0.73358566
30.6057484,-87.5472057,0.7471357
30.6057484,-87.5472057,0.7471357
30.6057484,-87.5472057,0.7471357
34.05916667,-88.6280556,0.98989546
34.05916667,-88.6280556,0.98989546
34.05916667,-88.6280556,0.98989546
34.05916667,-88.6280556,0.98989546
34.05916667,-88.6280556,0.98989546
34.05916667,-88.6280556,0.98989546
34.05916667,-88.6280556,0.98989546
34.05916667,-88.6280556,0.98989546
33.0723611,-88.5587778,0.8934361
33.0723611,-88.5587778,0.8934361
33.0723611,-88.5587778,0.8934361
33.0723611,-88.5587778,0.8934361
33.0723611,-88.5587778,0.8934361
33.0723611,-88.5587778,0.8934361
33.0723611,-88.5587778,0.8934361
33.0723611,-88.5587778,0.8934361
33.8303785,-86.7558273,0.9969228
33.8303785,-86.7558273,0.9969228
33.8303785,-86.7558273,0.9969228
33.8303785,-86.7558273,0.9969228
33.8303785,-86.7558273,0.9969228
33.7098268,-86.9833305,0.98693085
33.7098268,-86.9833305,0.98693085
33.7098268,-86.9833305,0.98693085
33.7098268,-86.9833305,0.98693085
33.7098268,-86.9833305,0.98693085
33.7098268,-86.9833305,0.98693085
33.7098268,-86.9833305,0.98693085
33.7098268,-86.9833305,0.98693085
31.70694444,-89.4069444,0.89889765
31.70694444,-89.4069444,0.89889765
31.70694444,-89.4069444,0.89889765
31.70694444,-89.4069444,0.89889765
31.70694444,-89.4069444,0.89889765
31.70694444,-89.4069444,0.89889765
31.70694444,-89.4069444,0.89889765
31.70694444,-89.4069444,0.89889765
31.34305556,-89.2802778,0.9982262
31.34305556,-89.2802778,0.9982262
31.34305556,-89.2802778,0.9982262
31.34305556,-89.2802778,0.9982262
31.34305556,-89.2802778,0.9982262
31.34305556,-89.2802778,0.9982262
31.34305556,-89.2802778,0.9982262
31.34305556,-89.2802778,0.9982262
31.22166667,-89.0530556,0.99863464
31.22166667,-89.0530556,0.99863464
31.22166667,-89.0530556,0.99863464
31.10277778,-88.8083333,0.99906474
31.10277778,-88.8083333,0.99906474
31.10277778,-88.8083333,0.99906474
31.10277778,-88.8083333,0.99906474
31.10277778,-88.8083333,0.99906474
31.10277778,-88.8083333,0.99906474
31.10277778,-88.8083333,0.99906474
31.10277778,-88.8083333,0.99906474
30.62935636,-89.8972956,0.99863833
30.62935636,-89.8972956,0.99863833
30.62935636,-89.8972956,0.99863833
30.62935636,-89.8972956,0.99863833
30.62935636,-89.8972956,0.99863833
30.62935636,-89.8972956,0.99863833
30.62935636,-89.8972956,0.99863833
30.62935636,-89.8972956,0.99863833
41.963398,-78.3861287,0.72913843
41.963398,-78.3861287,0.72913843
41.963398,-78.3861287,0.72913843
41.963398,-78.3861287,0.72913843
41.963398,-78.3861287,0.72913843
41.963398,-78.3861287,0.72913843
41.963398,-78.3861287,0.72913843
41.963398,-78.3861287,0.72913843
41.5708949,-79.4078243,0.99840134
41.5708949,-79.4078243,0.99840134
41.5708949,-79.4078243,0.99840134
41.5708949,-79.4078243,0.99840134
41.5708949,-79.4078243,0.99840134
41.5708949,-79.4078243,0.99840134
41.5708949,-79.4078243,0.99840134
40.4545117,-79.3908724,0.9511098
40.4545117,-79.3908724,0.9511098
40.4545117,-79.3908724,0.9511098
40.4545117,-79.3908724,0.9511098
40.4545117,-79.3908724,0.9511098
40.4545117,-79.3908724,0.9511098
40.6045099,-79.5519887,0.9174826
40.6045099,-79.5519887,0.9174826
40.6045099,-79.5519887,0.9174826
40.6045099,-79.5519887,0.9174826
40.6045099,-79.5519887,0.9174826
40.6045099,-79.5519887,0.9174826
40.6045099,-79.5519887,0.9174826
40.6045099,-79.5519887,0.9174826
39.12155556,-79.6755278,0.80878204
39.12155556,-79.6755278,0.80878204
39.12155556,-79.6755278,0.80878204
39.12155556,-79.6755278,0.80878204
39.12155556,-79.6755278,0.80878204
39.12155556,-79.6755278,0.80878204
39.12155556,-79.6755278,0.80878204
39.12155556,-79.6755278,0.80878204
39.12155556,-79.6755278,0.80878204
39.12155556,-79.6755278,0.80878204
39.12155556,-79.6755278,0.80878204
39.34620905,-79.6653372,0.999022
39.34620905,-79.6653372,0.999022
39.34620905,-79.6653372,0.999022
39.34620905,-79.6653372,0.999022
39.34620905,-79.6653372,0.999022
39.34620905,-79.6653372,0.999022
39.34620905,-79.6653372,0.999022
40.2402222,-79.8066944,0.9982262
40.2402222,-79.8066944,0.9982262
40.2402222,-79.8066944,0.9982262
40.2402222,-79.8066944,0.9982262
40.2402222,-79.8066944,0.9982262
40.2402222,-79.8066944,0.9982262
40.2402222,-79.8066944,0.9982262
40.2402222,-79.8066944,0.9982262
40.2402222,-79.8066944,0.9982262
40.88867389,-80.3370083,0.9500586
40.88867389,-80.3370083,0.9500586
40.88867389,-80.3370083,0.9500586
40.88867389,-80.3370083,0.9500586
40.88867389,-80.3370083,0.9500586
40.88867389,-80.3370083,0.9500586
40.88867389,-80.3370083,0.9500586
40.88867389,-80.3370083,0.9500586
40.88867389,-80.3370083,0.9500586
36.6473497,-80.978969,0.7478997
36.6473497,-80.978969,0.7478997
36.6473497,-80.978969,0.7478997
36.6473497,-80.978969,0.7478997
36.6473497,-80.978969,0.7478997
36.6473497,-80.978969,0.7478997
36.6473497,-80.978969,0.7478997
36.6473497,-80.978969,0.7478997
36.6473497,-80.978969,0.7478997
36.83484534,-80.9525807,0.83415526
36.83484534,-80.9525807,0.83415526
36.83484534,-80.9525807,0.83415526
36.83484534,-80.9525807,0.83415526
36.83484534,-80.9525807,0.83415526
36.83484534,-80.9525807,0.83415526
36.83484534,-80.9525807,0.83415526
36.93762235,-80.7456257,0.9985689
36.93762235,-80.7456257,0.9985689
36.93762235,-80.7456257,0.9985689
36.93762235,-80.7456257,0.9985689
36.93762235,-80.7456257,0.9985689
36.93762235,-80.7456257,0.9985689
36.93762235,-80.7456257,0.9985689
36.93762235,-80.7456257,0.9985689
36.93762235,-80.7456257,0.9985689
37.14179254,-80.56922499,0.99944645
37.14179254,-80.56922499,0.99944645
37.14179254,-80.56922499,0.99944645
37.14179254,-80.56922499,0.99944645
37.14179254,-80.56922499,0.99944645
37.14179254,-80.56922499,0.99944645
37.14179254,-80.56922499,0.99944645
37.14179254,-80.56922499,0.99944645
37.14179254,-80.56922499,0.99944645
37.289569,-80.6167295,0.99864036
37.289569,-80.6167295,0.99864036
37.289569,-80.6167295,0.99864036
37.289569,-80.6167295,0.99864036
37.289569,-80.6167295,0.99864036
37.289569,-80.6167295,0.99864036
37.7242874,-80.641468,0.9993961
37.7242874,-80.641468,0.9993961
37.7242874,-80.641468,0.9993961
37.7242874,-80.641468,0.9993961
37.7242874,-80.641468,0.9993961
37.7242874,-80.641468,0.9993961
37.7242874,-80.641468,0.9993961
37.7242874,-80.641468,0.9993961
37.7242874,-80.641468,0.9993961
37.7242874,-80.641468,0.9993961
37.7242874,-80.641468,0.9993961
37.64012018,-80.805083,0.9990988
37.64012018,-80.805083,0.9990988
37.64012018,-80.805083,0.9990988
37.64012018,-80.805083,0.9990988
37.64012018,-80.805083,0.9990988
37.64012018,-80.805083,0.9990988
37.64012018,-80.805083,0.9990988
37.64012018,-80.805083,0.9990988
37.81537197,-82.7915493,0.9996816
37.81537197,-82.7915493,0.9996816
37.81537197,-82.7915493,0.9996816
37.81537197,-82.7915493,0.9996816
37.81537197,-82.7915493,0.9996816
37.81537197,-82.7915493,0.9996816
37.81537197,-82.7915493,0.9996816
37.81537197,-82.7915493,0.9996816
37.81537197,-82.7915493,0.9996816
37.81759718,-82.3887568,0.99865615
37.81759718,-82.3887568,0.99865615
37.81759718,-82.3887568,0.99865615
37.81759718,-82.3887568,0.99865615
37.81759718,-82.3887568,0.99865615
37.83731869,-82.4087578,0.7569364
37.83731869,-82.4087578,0.7569364
37.83731869,-82.4087578,0.7569364
37.83731869,-82.4087578,0.7569364
38.8036838,-83.4210226,0.7030319
38.8036838,-83.4210226,0.7030319
38.8036838,-83.4210226,0.7030319
38.8036838,-83.4210226,0.7030319
38.8036838,-83.4210226,0.7030319
38.8036838,-83.4210226,0.7030319
38.8036838,-83.4210226,0.7030319
38.8036838,-83.4210226,0.7030319
38.8036838,-83.4210226,0.7030319
38.60007244,-84.2663239,0.99890876
38.60007244,-84.2663239,0.99890876
38.60007244,-84.2663239,0.99890876
38.60007244,-84.2663239,0.99890876
38.60007244,-84.2663239,0.99890876
38.60007244,-84.2663239,0.99890876
38.60007244,-84.2663239,0.99890876
37.47981018,-83.6751923,0.9884128
37.47981018,-83.6751923,0.9884128
37.47981018,-83.6751923,0.9884128
37.47981018,-83.6751923,0.9884128
37.47981018,-83.6751923,0.9884128
37.47981018,-83.6751923,0.9884128
37.47981018,-83.6751923,0.9884128
37.47981018,-83.6751923,0.9884128
37.7672853,-85.7038488,0.9990721
37.7672853,-85.7038488,0.9990721
37.7672853,-85.7038488,0.9990721
37.7672853,-85.7038488,0.9990721
37.7672853,-85.7038488,0.9990721
37.7672853,-85.7038488,0.9990721
37.7672853,-85.7038488,0.9990721
37.7672853,-85.7038488,0.9990721
39.4975477,-86.4005495,0.99867296
39.4975477,-86.4005495,0.99867296
39.4975477,-86.4005495,0.99867296
39.4975477,-86.4005495,0.99867296
39.4975477,-86.4005495,0.99867296
39.4975477,-86.4005495,0.99867296
39.4975477,-86.4005495,0.99867296
39.2000516,-85.9255464,0.98948586
39.2000516,-85.9255464,0.98948586
39.2000516,-85.9255464,0.98948586
39.2000516,-85.9255464,0.98948586
39.2000516,-85.9255464,0.98948586
39.2000516,-85.9255464,0.98948586
39.2000516,-85.9255464,0.98948586
38.3633333,-88.5877778,0.7217241
38.3633333,-88.5877778,0.7217241
38.3633333,-88.5877778,0.7217241
38.3633333,-88.5877778,0.7217241
38.3633333,-88.5877778,0.7217241
38.3633333,-88.5877778,0.7217241
38.3633333,-88.5877778,0.7217241
38.3633333,-88.5877778,0.7217241
38.3633333,-88.5877778,0.7217241
38.3633333,-88.5877778,0.7217241
36.8623097,-83.8874248,0.9959668
36.8623097,-83.8874248,0.9959668
36.8623097,-83.8874248,0.9959668
36.8623097,-83.8874248,0.9959668
36.8623097,-83.8874248,0.9959668
36.8623097,-83.8874248,0.9959668
36.743417,-84.1560449,0.9551625
36.743417,-84.1560449,0.9551625
36.743417,-84.1560449,0.9551625
36.743417,-84.1560449,0.9551625
36.743417,-84.1560449,0.9551625
36.743417,-84.1560449,0.9551625
36.62702209,-84.5332723,0.99789006
36.62702209,-84.5332723,0.99789006
36.62702209,-84.5332723,0.99789006
36.62702209,-84.5332723,0.99789006
36.62702209,-84.5332723,0.99789006
36.62702209,-84.5332723,0.99789006
35.7082839,-85.7318338,0.8246208
35.7082839,-85.7318338,0.8246208
35.7082839,-85.7318338,0.8246208
35.7082839,-85.7318338,0.8246208
35.7082839,-85.7318338,0.8246208
35.7082839,-85.7318338,0.8246208
35.7082839,-85.7318338,0.8246208
35.7082839,-85.7318338,0.8246208
35.7082839,-85.7318338,0.8246208
36.1220032,-87.09889379,0.9198466
36.1220032,-87.09889379,0.9198466
36.1220032,-87.09889379,0.9198466
36.1220032,-87.09889379,0.9198466
36.1220032,-87.09889379,0.9198466
36.1220032,-87.09889379,0.9198466
36.1220032,-87.09889379,0.9198466
36.1220032,-87.09889379,0.9198466
36.1220032,-87.09889379,0.9198466
36.5547222,-87.1419444,0.9818794
36.5547222,-87.1419444,0.9818794
36.5547222,-87.1419444,0.9818794
36.5547222,-87.1419444,0.9818794
36.5547222,-87.1419444,0.9818794
36.1764961,-82.457364,0.90046835
36.1764961,-82.457364,0.90046835
36.1764961,-82.457364,0.90046835
36.1764961,-82.457364,0.90046835
36.1764961,-82.457364,0.90046835
36.1764961,-82.457364,0.90046835
36.1764961,-82.457364,0.90046835
36.1764961,-82.457364,0.90046835
36.1764961,-82.457364,0.90046835
36.1764961,-82.457364,0.90046835
36.47204104,-82.8471068,0.986932
36.47204104,-82.8471068,0.986932
36.47204104,-82.8471068,0.986932
36.47204104,-82.8471068,0.986932
35.6044869,-84.211568,0.99945563
35.6044869,-84.211568,0.99945563
35.6044869,-84.211568,0.99945563
35.6044869,-84.211568,0.99945563
35.6044869,-84.211568,0.99945563
35.6044869,-84.211568,0.99945563
35.6044869,-84.211568,0.99945563
36.64870849,-82.7504384,0.9404118
36.64870849,-82.7504384,0.9404118
36.64870849,-82.7504384,0.9404118
36.64870849,-82.7504384,0.9404118
36.64870849,-82.7504384,0.9404118
36.64870849,-82.7504384,0.9404118
36.64870849,-82.7504384,0.9404118
36.425087,-83.3982345,0.9827946
36.425087,-83.3982345,0.9827946
36.425087,-83.3982345,0.9827946
36.425087,-83.3982345,0.9827946
36.425087,-83.3982345,0.9827946
36.425087,-83.3982345,0.9827946
36.425087,-83.3982345,0.9827946
36.425087,-83.3982345,0.9827946
36.425087,-83.3982345,0.9827946
36.425087,-83.3982345,0.9827946
34.82286756,-86.4830456,0.85295314
34.82286756,-86.4830456,0.85295314
34.82286756,-86.4830456,0.85295314
34.82286756,-86.4830456,0.85295314
34.82286756,-86.4830456,0.85295314
34.82286756,-86.4830456,0.85295314
34.82286756,-86.4830456,0.85295314
35.21424675,-87.1013993,0.9285195
35.21424675,-87.1013993,0.9285195
35.21424675,-87.1013993,0.9285195
35.21424675,-87.1013993,0.9285195
35.02758336,-86.9477836,0.99933225
35.02758336,-86.9477836,0.99933225
35.02758336,-86.9477836,0.99933225
35.02758336,-86.9477836,0.99933225
35.02758336,-86.9477836,0.99933225
35.02758336,-86.9477836,0.99933225
35.02758336,-86.9477836,0.99933225
35.02758336,-86.9477836,0.99933225
35.0142361,-86.9946574,0.99927384
35.0142361,-86.9946574,0.99927384
35.0142361,-86.9946574,0.99927384
35.0142361,-86.9946574,0.99927384
35.0142361,-86.9946574,0.99927384
35.0142361,-86.9946574,0.99927384
35.0142361,-86.9946574,0.99927384
35.0142361,-86.9946574,0.99927384
35.0142361,-86.9946574,0.99927384
35.0142361,-86.9946574,0.99927384
35.02412144,-87.5790326,0.74100024
35.02412144,-87.5790326,0.74100024
35.02412144,-87.5790326,0.74100024
35.02412144,-87.5790326,0.74100024
35.02412144,-87.5790326,0.74100024
35.02412144,-87.5790326,0.74100024
35.02412144,-87.5790326,0.74100024
35.02412144,-87.5790326,0.74100024
35.02412144,-87.5790326,0.74100024
35.49590598,-87.8328037,0.9315168
35.49590598,-87.8328037,0.9315168
35.49590598,-87.8328037,0.9315168
35.49590598,-87.8328037,0.9315168
35.49590598,-87.8328037,0.9315168
35.49590598,-87.8328037,0.9315168
35.49590598,-87.8328037,0.9315168
35.49590598,-87.8328037,0.9315168
35.49590598,-87.8328037,0.9315168
35.49590598,-87.8328037,0.9315168
35.81180967,-87.7787545,0.9821138
35.81180967,-87.7787545,0.9821138
35.81180967,-87.7787545,0.9821138
35.81180967,-87.7787545,0.9821138
35.81180967,-87.7787545,0.9821138
35.81180967,-87.7787545,0.9821138
35.81180967,-87.7787545,0.9821138
35.81180967,-87.7787545,0.9821138
39.5403192,-91.6723812,0.9909753
39.5403192,-91.6723812,0.9909753
39.5403192,-91.6723812,0.9909753
39.5403192,-91.6723812,0.9909753
39.00880556,-90.9775278,0.9991486
39.00880556,-90.9775278,0.9991486
39.00880556,-90.9775278,0.9991486
39.00880556,-90.9775278,0.9991486
39.00880556,-90.9775278,0.9991486
39.00880556,-90.9775278,0.9991486
39.00880556,-90.9775278,0.9991486
39.00880556,-90.9775278,0.9991486
38.96060098,-89.0889554,0.90615076
38.96060098,-89.0889554,0.90615076
38.96060098,-89.0889554,0.90615076
38.96060098,-89.0889554,0.90615076
38.96060098,-89.0889554,0.90615076
38.96060098,-89.0889554,0.90615076
38.96060098,-89.0889554,0.90615076
38.96060098,-89.0889554,0.90615076
38.96060098,-89.0889554,0.90615076
38.96060098,-89.0889554,0.90615076
38.96060098,-89.0889554,0.90615076
40.60166667,-95.645,0.8722288
40.60166667,-95.645,0.8722288
40.60166667,-95.645,0.8722288
40.60166667,-95.645,0.8722288
40.60166667,-95.645,0.8722288
40.60166667,-95.645,0.8722288
40.60166667,-95.645,0.8722288
40.60166667,-95.645,0.8722288
40.60166667,-95.645,0.8722288
40.39277778,-95.8127778,0.83960754
40.39277778,-95.8127778,0.83960754
40.39277778,-95.8127778,0.83960754
40.39277778,-95.8127778,0.83960754
40.39277778,-95.8127778,0.83960754
40.39277778,-95.8127778,0.83960754
40.39277778,-95.8127778,0.83960754
40.0355577,-95.5960957,0.9791743
40.0355577,-95.5960957,0.9791743
40.0355577,-95.5960957,0.9791743
40.0355577,-95.5960957,0.9791743
40.0355577,-95.5960957,0.9791743
40.0355577,-95.5960957,0.9791743
40.0355577,-95.5960957,0.9791743
40.2024722,-95.0695556,0.9725682
40.2024722,-95.0695556,0.9725682
40.2024722,-95.0695556,0.9725682
40.2024722,-95.0695556,0.9725682
39.68802778,-94.7026111,0.92328864
39.68802778,-94.7026111,0.92328864
39.68802778,-94.7026111,0.92328864
39.68802778,-94.7026111,0.92328864
39.68802778,-94.7026111,0.92328864
39.68802778,-94.7026111,0.92328864
39.68802778,-94.7026111,0.92328864
39.68802778,-94.7026111,0.92328864
39.68802778,-94.7026111,0.92328864
40.25666667,-96.7469444,0.7923037
40.25666667,-96.7469444,0.7923037
39.72583518,-96.8047432,0.74790317
39.72583518,-96.8047432,0.74790317
39.72583518,-96.8047432,0.74790317
39.72583518,-96.8047432,0.74790317
39.72583518,-96.8047432,0.74790317
39.72583518,-96.8047432,0.74790317
39.70048729,-96.754525,0.70951486
39.70048729,-96.754525,0.70951486
39.70048729,-96.754525,0.70951486
39.9269517,-93.9427225,0.9992279
39.9269517,-93.9427225,0.9992279
39.9269517,-93.9427225,0.9992279
39.9269517,-93.9427225,0.9992279
39.9269517,-93.9427225,0.9992279
39.9269517,-93.9427225,0.9992279
39.9269517,-93.9427225,0.9992279
39.9269517,-93.9427225,0.9992279
39.9269517,-93.9427225,0.9992279
39.9269517,-93.9427225,0.9992279
40.06930556,-93.6380278,0.99923587
40.06930556,-93.6380278,0.99923587
40.06930556,-93.6380278,0.99923587
40.06930556,-93.6380278,0.99923587
40.06930556,-93.6380278,0.99923587
40.06930556,-93.6380278,0.99923587
40.06930556,-93.6380278,0.99923587
40.06930556,-93.6380278,0.99923587
40.06930556,-93.6380278,0.99923587
38.70225,-92.9788333,0.78813523
38.70225,-92.9788333,0.78813523
38.70225,-92.9788333,0.78813523
38.75706389,-93.0226972,0.9433628
38.75706389,-93.0226972,0.9433628
38.75706389,-93.0226972,0.9433628
38.75706389,-93.0226972,0.9433628
38.75706389,-93.0226972,0.9433628
38.87001315,-93.6221588,0.7229077
38.87001315,-93.6221588,0.7229077
38.87001315,-93.6221588,0.7229077
37.8698333,-93.8031667,0.99865305
37.8698333,-93.8031667,0.99865305
37.8698333,-93.8031667,0.99865305
37.8698333,-93.8031667,0.99865305
38.2636354,-93.7146555,0.98728997
38.2636354,-93.7146555,0.98728997
38.2636354,-93.7146555,0.98728997
38.2636354,-93.7146555,0.98728997
38.2636354,-93.7146555,0.98728997
37.93694444,-92.8513611,0.7355872
37.93694444,-92.8513611,0.7355872
37.75920725,-92.4518383,0.9993492
37.75920725,-92.4518383,0.9993492
37.75920725,-92.4518383,0.9993492
37.75920725,-92.4518383,0.9993492
37.75920725,-92.4518383,0.9993492
37.75920725,-92.4518383,0.9993492
37.87226229,-92.2271131,0.9990626
37.87226229,-92.2271131,0.9990626
37.87226229,-92.2271131,0.9990626
37.87226229,-92.2271131,0.9990626
37.87226229,-92.2271131,0.9990626
37.87226229,-92.2271131,0.9990626
37.92991667,-91.9773333,0.9996214
37.92991667,-91.9773333,0.9996214
37.92991667,-91.9773333,0.9996214
37.92991667,-91.9773333,0.9996214
37.92991667,-91.9773333,0.9996214
37.92991667,-91.9773333,0.9996214
37.92991667,-91.9773333,0.9996214
37.92991667,-91.9773333,0.9996214
37.92991667,-91.9773333,0.9996214
37.92991667,-91.9773333,0.9996214
38.38880556,-91.8198889,0.9994031
38.38880556,-91.8198889,0.9994031
38.38880556,-91.8198889,0.9994031
38.38880556,-91.8198889,0.9994031
38.38880556,-91.8198889,0.9994031
38.38880556,-91.8198889,0.9994031
38.38880556,-91.8198889,0.9994031
37.9984722,-91.3609444,0.9218062
37.9984722,-91.3609444,0.9218062
37.9984722,-91.3609444,0.9218062
37.9984722,-91.3609444,0.9218062
37.9984722,-91.3609444,0.9218062
37.9984722,-91.3609444,0.9218062
37.9984722,-91.3609444,0.9218062
37.9984722,-91.3609444,0.9218062
37.9984722,-91.3609444,0.9218062
37.9984722,-91.3609444,0.9218062
38.15852778,-91.1084722,0.99899274
38.15852778,-91.1084722,0.99899274
38.15852778,-91.1084722,0.99899274
38.15852778,-91.1084722,0.99899274
38.15852778,-91.1084722,0.99899274
38.15852778,-91.1084722,0.99899274
38.15852778,-91.1084722,0.99899274
38.15852778,-91.1084722,0.99899274
38.15852778,-91.1084722,0.99899274
38.1596111,-90.7060556,0.8595535
38.1596111,-90.7060556,0.8595535
38.1596111,-90.7060556,0.8595535
38.1596111,-90.7060556,0.8595535
38.1596111,-90.7060556,0.8595535
38.1596111,-90.7060556,0.8595535
38.1596111,-90.7060556,0.8595535
38.5047344,-90.59087249,0.9986498
38.5047344,-90.59087249,0.9986498
38.5047344,-90.59087249,0.9986498
38.5047344,-90.59087249,0.9986498
38.5047344,-90.59087249,0.9986498
38.5047344,-90.59087249,0.9986498
38.5047344,-90.59087249,0.9986498
38.5047344,-90.59087249,0.9986498
38.5047344,-90.59087249,0.9986498
38.5047344,-90.59087249,0.9986498
36.25117909,-89.1925686,0.9991848
36.25117909,-89.1925686,0.9991848
36.25117909,-89.1925686,0.9991848
36.25117909,-89.1925686,0.9991848
36.25117909,-89.1925686,0.9991848
36.25117909,-89.1925686,0.9991848
36.2408294,-89.217644,0.99901855
36.2408294,-89.217644,0.99901855
36.2408294,-89.217644,0.99901855
36.2408294,-89.217644,0.99901855
36.2408294,-89.217644,0.99901855
36.2408294,-89.217644,0.99901855
36.2408294,-89.217644,0.99901855
35.27532938,-88.9766303,0.9978811
35.27532938,-88.9766303,0.9978811
35.27532938,-88.9766303,0.9978811
35.27532938,-88.9766303,0.9978811
35.27532938,-88.9766303,0.9978811
35.27532938,-88.9766303,0.9978811
35.27532938,-88.9766303,0.9978811
35.27532938,-88.9766303,0.9978811
35.27532938,-88.9766303,0.9978811
35.63733496,-89.609455,0.9955959
35.63733496,-89.609455,0.9955959
35.63733496,-89.609455,0.9955959
35.63733496,-89.609455,0.9955959
35.63733496,-89.609455,0.9955959
35.63733496,-89.609455,0.9955959
37.3845,-90.4738611,0.99855644
37.3845,-90.4738611,0.99855644
37.3845,-90.4738611,0.99855644
37.19452778,-90.5033056,0.9990596
37.19452778,-90.5033056,0.9990596
37.19452778,-90.5033056,0.9990596
37.19452778,-90.5033056,0.9990596
37.19452778,-90.5033056,0.9990596
37.19452778,-90.5033056,0.9990596
37.19452778,-90.5033056,0.9990596
37.19452778,-90.5033056,0.9990596
37.19452778,-90.5033056,0.9990596
37.19452778,-90.5033056,0.9990596
36.07305556,-94.0811111,0.9961378
36.07305556,-94.0811111,0.9961378
36.07305556,-94.0811111,0.9961378
36.07305556,-94.0811111,0.9961378
36.07305556,-94.0811111,0.9961378
36.80538889,-93.4615833,0.9880635
36.80538889,-93.4615833,0.9880635
36.80538889,-93.4615833,0.9880635
36.80538889,-93.4615833,0.9880635
36.80538889,-93.4615833,0.9880635
36.80538889,-93.4615833,0.9880635
36.80538889,-93.4615833,0.9880635
36.80538889,-93.4615833,0.9880635
36.80538889,-93.4615833,0.9880635
36.80538889,-93.4615833,0.9880635
35.98305556,-92.7472222,0.9986972
35.98305556,-92.7472222,0.9986972
35.98305556,-92.7472222,0.9986972
35.98305556,-92.7472222,0.9986972
35.98305556,-92.7472222,0.9986972
35.98305556,-92.7472222,0.9986972
35.98305556,-92.7472222,0.9986972
35.98305556,-92.7472222,0.9986972
36.11729369,-92.554607,0.9949569
36.11729369,-92.554607,0.9949569
36.11729369,-92.554607,0.9949569
36.11729369,-92.554607,0.9949569
37.0587222,-90.687,0.8276884
37.0587222,-90.687,0.8276884
37.0587222,-90.687,0.8276884
37.0587222,-90.687,0.8276884
37.0587222,-90.687,0.8276884
37.0587222,-90.687,0.8276884
37.0587222,-90.687,0.8276884
37.0587222,-90.687,0.8276884
37.18393686,-91.2584654,0.97820437
37.18393686,-91.2584654,0.97820437
37.18393686,-91.2584654,0.97820437
37.18393686,-91.2584654,0.97820437
37.18393686,-91.2584654,0.97820437
37.18393686,-91.2584654,0.97820437
36.99138889,-91.0135,0.9992304
36.99138889,-91.0135,0.9992304
36.99138889,-91.0135,0.9992304
36.99138889,-91.0135,0.9992304
36.99138889,-91.0135,0.9992304
36.99138889,-91.0135,0.9992304
36.99138889,-91.0135,0.9992304
36.99138889,-91.0135,0.9992304
36.99138889,-91.0135,0.9992304
36.99138889,-91.0135,0.9992304
36.62200294,-90.8476225,0.99894863
36.62200294,-90.8476225,0.99894863
36.62200294,-90.8476225,0.99894863
36.62200294,-90.8476225,0.99894863
36.62200294,-90.8476225,0.99894863
36.62200294,-90.8476225,0.99894863
36.62200294,-90.8476225,0.99894863
36.62200294,-90.8476225,0.99894863
36.62200294,-90.8476225,0.99894863
36.62200294,-90.8476225,0.99894863
35.65666667,-92.2927778,0.74891174
35.65666667,-92.2927778,0.74891174
35.65666667,-92.2927778,0.74891174
35.65666667,-92.2927778,0.74891174
35.65666667,-92.2927778,0.74891174
36.8114211,-97.277265,0.9988728
36.8114211,-97.277265,0.9988728
36.8114211,-97.277265,0.9988728
36.8114211,-97.277265,0.9988728
36.8114211,-97.277265,0.9988728
36.8114211,-97.277265,0.9988728
36.8114211,-97.277265,0.9988728
37.2664504,-95.918041,0.9535562
37.2664504,-95.918041,0.9535562
37.2664504,-95.918041,0.9535562
37.00393886,-96.3166638,0.74423885
37.00393886,-96.3166638,0.74423885
37.00393886,-96.3166638,0.74423885
37.00393886,-96.3166638,0.74423885
37.00393886,-96.3166638,0.74423885
37.00393886,-96.3166638,0.74423885
37.00393886,-96.3166638,0.74423885
37.00393886,-96.3166638,0.74423885
37.2456111,-94.5664167,0.9989517
37.2456111,-94.5664167,0.9989517
37.2456111,-94.5664167,0.9989517
37.2456111,-94.5664167,0.9989517
37.2456111,-94.5664167,0.9989517
37.2456111,-94.5664167,0.9989517
37.2456111,-94.5664167,0.9989517
37.2456111,-94.5664167,0.9989517
37.2456111,-94.5664167,0.9989517
36.93451148,-94.7471711,0.9988778
36.93451148,-94.7471711,0.9988778
36.93451148,-94.7471711,0.9988778
36.93451148,-94.7471711,0.9988778
36.93451148,-94.7471711,0.9988778
36.93451148,-94.7471711,0.9988778
36.93451148,-94.7471711,0.9988778
36.93451148,-94.7471711,0.9988778
36.56841789,-95.1521891,0.833275
36.56841789,-95.1521891,0.833275
36.56841789,-95.1521891,0.833275
36.56841789,-95.1521891,0.833275
36.56841789,-95.1521891,0.833275
36.56841789,-95.1521891,0.833275
36.56841789,-95.1521891,0.833275
34.8725,-93.6572222,0.9985354
34.8725,-93.6572222,0.9985354
34.8725,-93.6572222,0.9985354
34.8725,-93.6572222,0.9985354
34.8725,-93.6572222,0.9985354
34.8725,-93.6572222,0.9985354
34.8725,-93.6572222,0.9985354
34.4825,-89.2244444,0.9650535
34.4825,-89.2244444,0.9650535
34.4825,-89.2244444,0.9650535
34.4825,-89.2244444,0.9650535
34.4825,-89.2244444,0.9650535
34.4825,-89.2244444,0.9650535
34.4825,-89.2244444,0.9650535
34.4825,-89.2244444,0.9650535
33.19444444,-89.7711111,0.9988593
33.19444444,-89.7711111,0.9988593
33.19444444,-89.7711111,0.9988593
33.19444444,-89.7711111,0.9988593
33.19444444,-89.7711111,0.9988593
32.8806878,-89.9661952,0.99679583
32.8806878,-89.9661952,0.99679583
32.8806878,-89.9661952,0.99679583
32.8806878,-89.9661952,0.99679583
32.60305556,-90.3638889,0.9500392
32.60305556,-90.3638889,0.9500392
32.34777778,-90.6969444,0.99904865
32.34777778,-90.6969444,0.99904865
32.34777778,-90.6969444,0.99904865
32.34777778,-90.6969444,0.99904865
32.34777778,-90.6969444,0.99904865
32.34777778,-90.6969444,0.99904865
32.34777778,-90.6969444,0.99904865
32.34777778,-90.6969444,0.99904865
32.0186111,-90.8783333,0.99816424
32.0186111,-90.8783333,0.99816424
32.0186111,-90.8783333,0.99816424
32.0186111,-90.8783333,0.99816424
32.0186111,-90.8783333,0.99816424
31.3247222,-91.1094444,0.9983663
31.3247222,-91.1094444,0.9983663
31.3247222,-91.1094444,0.9983663
31.3247222,-91.1094444,0.9983663
31.3247222,-91.1094444,0.9983663
31.3247222,-91.1094444,0.9983663
34.24871203,-95.6052475,0.99851614
34.24871203,-95.6052475,0.99851614
34.24871203,-95.6052475,0.99851614
34.24871203,-95.6052475,0.99851614
34.24871203,-95.6052475,0.99851614
34.20065806,-95.4844085,0.9986696
34.20065806,-95.4844085,0.9986696
34.20065806,-95.4844085,0.9986696
34.20065806,-95.4844085,0.9986696
34.20065806,-95.4844085,0.9986696
33.91944444,-94.3866667,0.99900705
33.91944444,-94.3866667,0.99900705
33.91944444,-94.3866667,0.99900705
33.91944444,-94.3866667,0.99900705
33.91944444,-94.3866667,0.99900705
33.91944444,-94.3866667,0.99900705
33.91944444,-94.3866667,0.99900705
33.91944444,-94.3866667,0.99900705
33.91944444,-94.3866667,0.99900705
33.47483009,-95.5877347,0.8387625
33.47483009,-95.5877347,0.8387625
33.47483009,-95.5877347,0.8387625
33.47483009,-95.5877347,0.8387625
33.47483009,-95.5877347,0.8387625
33.47483009,-95.5877347,0.8387625
33.47483009,-95.5877347,0.8387625
34.61,-93.6975,0.9531594
34.61,-93.6975,0.9531594
34.61,-93.6975,0.9531594
34.61,-93.6975,0.9531594
34.61,-93.6975,0.9531594
34.61,-93.6975,0.9531594
34.61,-93.6975,0.9531594
34.61,-93.6975,0.9531594
33.8781625,-93.3046161,0.99931777
33.8781625,-93.3046161,0.99931777
33.8781625,-93.3046161,0.99931777
33.8781625,-93.3046161,0.99931777
34.1161111,-92.4055556,0.98130345
34.1161111,-92.4055556,0.98130345
34.1161111,-92.4055556,0.98130345
33.7008333,-92.0258333,0.9989446
33.7008333,-92.0258333,0.9989446
33.7008333,-92.0258333,0.9989446
33.7008333,-92.0258333,0.9989446
33.7008333,-92.0258333,0.9989446
33.7008333,-92.0258333,0.9989446
33.7008333,-92.0258333,0.9989446
33.7008333,-92.0258333,0.9989446
31.7543363,-92.3445833,0.9986935
31.7543363,-92.3445833,0.9986935
31.7543363,-92.3445833,0.9986935
31.7543363,-92.3445833,0.9986935
31.7543363,-92.3445833,0.9986935
30.8890694,-90.8445454,0.9777018
30.8890694,-90.8445454,0.9777018
30.8890694,-90.8445454,0.9777018
30.8890694,-90.8445454,0.9777018
30.8890694,-90.8445454,0.9777018
30.8890694,-90.8445454,0.9777018
30.8890694,-90.8445454,0.9777018
30.464079,-90.99038,0.9995658
30.464079,-90.99038,0.9995658
30.464079,-90.99038,0.9995658
30.464079,-90.99038,0.9995658
30.464079,-90.99038,0.9995658
30.464079,-90.99038,0.9995658
30.464079,-90.99038,0.9995658
30.464079,-90.99038,0.9995658
30.69875,-92.8931944,0.93242997
30.69875,-92.8931944,0.93242997
30.69875,-92.8931944,0.93242997
30.69875,-92.8931944,0.93242997
30.69875,-92.8931944,0.93242997
30.69875,-92.8931944,0.93242997
30.69875,-92.8931944,0.93242997
30.69875,-92.8931944,0.93242997
30.3979862,-94.2635215,0.9940154
30.3979862,-94.2635215,0.9940154
30.3979862,-94.2635215,0.9940154
30.3979862,-94.2635215,0.9940154
30.3979862,-94.2635215,0.9940154
30.3979862,-94.2635215,0.9940154
30.3979862,-94.2635215,0.9940154
30.3979862,-94.2635215,0.9940154
30.1454932,-95.1243756,0.7360119
30.1454932,-95.1243756,0.7360119
30.1454932,-95.1243756,0.7360119
31.785991,-97.5680748,0.74972475
31.785991,-97.5680748,0.74972475
31.785991,-97.5680748,0.74972475
31.785991,-97.5680748,0.74972475
31.785991,-97.5680748,0.74972475
31.785991,-97.5680748,0.74972475
31.785991,-97.5680748,0.74972475
31.785991,-97.5680748,0.74972475
31.785991,-97.5680748,0.74972475
31.785991,-97.5680748,0.74972475
30.50435487,-99.7345097,0.9972697
30.50435487,-99.7345097,0.9972697
30.50435487,-99.7345097,0.9972697
30.50435487,-99.7345097,0.9972697
30.50435487,-99.7345097,0.9972697
30.50435487,-99.7345097,0.9972697
30.50435487,-99.7345097,0.9972697
30.50435487,-99.7345097,0.9972697
30.50435487,-99.7345097,0.9972697
30.50435487,-99.7345097,0.9972697
30.66073685,-99.1092185,0.9989021
30.66073685,-99.1092185,0.9989021
30.66073685,-99.1092185,0.9989021
30.66073685,-99.1092185,0.9989021
30.66073685,-99.1092185,0.9989021
30.29186695,-98.3994674,0.95603514
30.29186695,-98.3994674,0.95603514
30.29186695,-98.3994674,0.95603514
30.29186695,-98.3994674,0.95603514
30.29186695,-98.3994674,0.95603514
30.29186695,-98.3994674,0.95603514
30.29186695,-98.3994674,0.95603514
30.29186695,-98.3994674,0.95603514
28.95998449,-96.6863668,0.9857948
28.95998449,-96.6863668,0.9857948
28.95998449,-96.6863668,0.9857948
28.95998449,-96.6863668,0.9857948
28.95998449,-96.6863668,0.9857948
28.95998449,-96.6863668,0.9857948
28.95998449,-96.6863668,0.9857948
28.95998449,-96.6863668,0.9857948
29.0258147,-96.5524733,0.92281103
29.0258147,-96.5524733,0.92281103
29.0258147,-96.5524733,0.92281103
29.0258147,-96.5524733,0.92281103
29.8604957,-98.3836275,0.99549246
29.8604957,-98.3836275,0.99549246
29.8604957,-98.3836275,0.99549246
29.8604957,-98.3836275,0.99549246
29.8604957,-98.3836275,0.99549246
29.8604957,-98.3836275,0.99549246
29.8604957,-98.3836275,0.99549246
29.8604957,-98.3836275,0.99549246
29.8604957,-98.3836275,0.99549246
29.2152475,-97.4494353,0.95440716
29.2152475,-97.4494353,0.95440716
29.2152475,-97.4494353,0.95440716
29.2152475,-97.4494353,0.95440716
29.2152475,-97.4494353,0.95440716
29.2152475,-97.4494353,0.95440716
29.12385307,-99.8947822,0.98292935
29.12385307,-99.8947822,0.98292935
29.12385307,-99.8947822,0.98292935
29.12385307,-99.8947822,0.98292935
29.12385307,-99.8947822,0.98292935
29.12385307,-99.8947822,0.98292935
29.12385307,-99.8947822,0.98292935
29.12385307,-99.8947822,0.98292935
28.73664429,-99.1447556,0.75451803
28.73664429,-99.1447556,0.75451803
28.73664429,-99.1447556,0.75451803
28.73664429,-99.1447556,0.75451803
28.73664429,-99.1447556,0.75451803
28.73664429,-99.1447556,0.75451803
28.73664429,-99.1447556,0.75451803
28.73664429,-99.1447556,0.75451803
28.73664429,-99.1447556,0.75451803
28.73664429,-99.1447556,0.75451803
37.07911569,-119.5609712,0.8961126
37.07911569,-119.5609712,0.8961126
37.07911569,-119.5609712,0.8961126
37.07911569,-119.5609712,0.8961126
40.38709797,-122.2386119,0.9118632
40.38709797,-122.2386119,0.9118632
40.38709797,-122.2386119,0.9118632
40.38709797,-122.2386119,0.9118632
40.38709797,-122.2386119,0.9118632
40.38709797,-122.2386119,0.9118632
40.38709797,-122.2386119,0.9118632
40.38709797,-122.2386119,0.9118632
39.7082199,-121.2705175,0.88837135
39.7082199,-121.2705175,0.88837135
39.7082199,-121.2705175,0.88837135
39.7082199,-121.2705175,0.88837135
39.3665551,-121.6471932,0.9988858
39.3665551,-121.6471932,0.9988858
39.3665551,-121.6471932,0.9988858
39.3665551,-121.6471932,0.9988858
39.39044696,-121.1444008,0.9816969
39.39044696,-121.1444008,0.9816969
39.39044696,-121.1444008,0.9816969
39.39044696,-121.1444008,0.9816969
39.23517079,-121.2741256,0.99944943
39.23517079,-121.2741256,0.99944943
39.23517079,-121.2741256,0.99944943
39.23517079,-121.2741256,0.99944943
39.23517079,-121.2741256,0.99944943
39.23517079,-121.2741256,0.99944943
39.23517079,-121.2741256,0.99944943
39.1757251,-121.5249647,0.99946994
39.1757251,-121.5249647,0.99946994
39.1757251,-121.5249647,0.99946994
39.1757251,-121.5249647,0.99946994
39.1757251,-121.5249647,0.99946994
39.1757251,-121.5249647,0.99946994
39.1757251,-121.5249647,0.99946994
39.1757251,-121.5249647,0.99946994
38.50852336,-122.9277737,0.99815255
38.50852336,-122.9277737,0.99815255
38.50852336,-122.9277737,0.99815255
38.50852336,-122.9277737,0.99815255
38.50852336,-122.9277737,0.99815255
38.50852336,-122.9277737,0.99815255
38.50852336,-122.9277737,0.99815255
38.50852336,-122.9277737,0.99815255
40.31319125,-124.283381,0.9994729
40.31319125,-124.283381,0.9994729
40.31319125,-124.283381,0.9994729
40.31319125,-124.283381,0.9994729
40.31319125,-124.283381,0.9994729
40.31319125,-124.283381,0.9994729
40.31319125,-124.283381,0.9994729
39.38849566,-123.1161157,0.70832
39.38849566,-123.1161157,0.70832
39.38849566,-123.1161157,0.70832
39.38849566,-123.1161157,0.70832
39.38849566,-123.1161157,0.70832
39.38849566,-123.1161157,0.70832
39.38849566,-123.1161157,0.70832
39.38849566,-123.1161157,0.70832
39.38849566,-123.1161157,0.70832
39.38849566,-123.1161157,0.70832
39.38849566,-123.1161157,0.70832
39.62487958,-123.3414017,0.99524
39.62487958,-123.3414017,0.99524
39.62487958,-123.3414017,0.99524
39.6179353,-123.3566796,0.78618693
39.6179353,-123.3566796,0.78618693
39.6179353,-123.3566796,0.78618693
39.6179353,-123.3566796,0.78618693
39.70626687,-123.3252913,0.9966413
39.70626687,-123.3252913,0.9966413
39.70626687,-123.3252913,0.9966413
39.70626687,-123.3252913,0.9966413
39.70626687,-123.3252913,0.9966413
39.9373742,-123.3469626,0.77676314
39.9373742,-123.3469626,0.77676314
39.9373742,-123.3469626,0.77676314
39.8745957,-123.7205775,0.99661154
39.8745957,-123.7205775,0.99661154
39.8745957,-123.7205775,0.99661154
39.8745957,-123.7205775,0.99661154
40.18181004,-123.7761426,0.9991078
40.18181004,-123.7761426,0.9991078
40.18181004,-123.7761426,0.9991078
40.18181004,-123.7761426,0.9991078
40.18181004,-123.7761426,0.9991078
40.18181004,-123.7761426,0.9991078
40.18181004,-123.7761426,0.9991078
40.18181004,-123.7761426,0.9991078
40.9098497,-124.0606183,0.7454227
40.9098497,-124.0606183,0.7454227
40.9098497,-124.0606183,0.7454227
40.9098497,-124.0606183,0.7454227
40.9098497,-124.0606183,0.7454227
40.9098497,-124.0606183,0.7454227
40.9098497,-124.0606183,0.7454227
40.6498627,-123.4942046,0.99676055
40.6498627,-123.4942046,0.99676055
40.6498627,-123.4942046,0.99676055
40.6498627,-123.4942046,0.99676055
40.6498627,-123.4942046,0.99676055
41.7915026,-124.0761887,0.99924254
41.7915026,-124.0761887,0.99924254
41.7915026,-124.0761887,0.99924254
41.7915026,-124.0761887,0.99924254
41.7915026,-124.0761887,0.99924254
41.7915026,-124.0761887,0.99924254
41.7915026,-124.0761887,0.99924254
41.7915026,-124.0761887,0.99924254
41.7915026,-124.0761887,0.99924254
46.7759343,-123.0356919,0.99632394
46.7759343,-123.0356919,0.99632394
46.7759343,-123.0356919,0.99632394
46.7759343,-123.0356919,0.99632394
46.7759343,-123.0356919,0.99632394
46.7759343,-123.0356919,0.99632394
46.7759343,-123.0356919,0.99632394
46.7759343,-123.0356919,0.99632394
46.7759343,-123.0356919,0.99632394
47.4575863,-123.8893446,0.72958815
47.4575863,-123.8893446,0.72958815
47.4575863,-123.8893446,0.72958815
47.4575863,-123.8893446,0.72958815
47.4575863,-123.8893446,0.72958815
47.4575863,-123.8893446,0.72958815
47.4575863,-123.8893446,0.72958815
47.4575863,-123.8893446,0.72958815
47.4575863,-123.8893446,0.72958815
47.4575863,-123.8893446,0.72958815
47.5378588,-124.3157457,0.9995285
47.5378588,-124.3157457,0.9995285
47.5378588,-124.3157457,0.9995285
47.5378588,-124.3157457,0.9995285
47.5378588,-124.3157457,0.9995285
47.5378588,-124.3157457,0.9995285
47.83732546,-121.6667809,0.9964713
47.83732546,-121.6667809,0.9964713
47.83732546,-121.6667809,0.9964713
47.83732546,-121.6667809,0.9964713
47.83732546,-121.6667809,0.9964713
47.83732546,-121.6667809,0.9964713
47.83732546,-121.6667809,0.9964713
47.83732546,-121.6667809,0.9964713
47.83732546,-121.6667809,0.9964713
47.5451019,-121.842336,0.9988753
47.5451019,-121.842336,0.9988753
47.5451019,-121.842336,0.9988753
47.5451019,-121.842336,0.9988753
47.5451019,-121.842336,0.9988753
47.5451019,-121.842336,0.9988753
47.830932,-122.048459,0.9980064
47.830932,-122.048459,0.9980064
47.830932,-122.048459,0.9980064
47.830932,-122.048459,0.9980064
47.830932,-122.048459,0.9980064
47.830932,-122.048459,0.9980064
48.42455859,-121.5684634,0.9989629
48.42455859,-121.5684634,0.9989629
48.42455859,-121.5684634,0.9989629
48.42455859,-121.5684634,0.9989629
48.42455859,-121.5684634,0.9989629
48.42455859,-121.5684634,0.9989629
48.42455859,-121.5684634,0.9989629
48.42455859,-121.5684634,0.9989629
48.42455859,-121.5684634,0.9989629
48.52428059,-121.770974,0.99876726
48.52428059,-121.770974,0.99876726
48.52428059,-121.770974,0.99876726
48.52428059,-121.770974,0.99876726
48.52428059,-121.770974,0.99876726
48.52428059,-121.770974,0.99876726
48.52428059,-121.770974,0.99876726
48.52428059,-121.770974,0.99876726
48.52428059,-121.770974,0.99876726
48.84483249,-122.5893389,0.9935556
48.84483249,-122.5893389,0.9935556
48.84483249,-122.5893389,0.9935556
48.84483249,-122.5893389,0.9935556
48.84483249,-122.5893389,0.9935556
48.49551667,-114.0102083,0.81267303
48.49551667,-114.0102083,0.81267303
48.49551667,-114.0102083,0.81267303
48.49551667,-114.0102083,0.81267303
48.49551667,-114.0102083,0.81267303
48.49551667,-114.0102083,0.81267303
48.49551667,-114.0102083,0.81267303
48.49551667,-114.0102083,0.81267303
47.5547,-116.3231,0.923975
47.5547,-116.3231,0.923975
47.5547,-116.3231,0.923975
47.5547,-116.3231,0.923975
47.5547,-116.3231,0.923975
47.5547,-116.3231,0.923975
47.5547,-116.3231,0.923975
47.5547,-116.3231,0.923975
47.49929148,-120.4245223,0.7152781
47.49929148,-120.4245223,0.7152781
47.49929148,-120.4245223,0.7152781
47.49929148,-120.4245223,0.7152781
47.49929148,-120.4245223,0.7152781
47.49929148,-120.4245223,0.7152781
46.08666667,-115.5138889,0.8557561
46.08666667,-115.5138889,0.8557561
46.08666667,-115.5138889,0.8557561
46.08666667,-115.5138889,0.8557561
46.08666667,-115.5138889,0.8557561
46.08666667,-115.5138889,0.8557561
46.08666667,-115.5138889,0.8557561
46.08666667,-115.5138889,0.8557561
46.08666667,-115.5138889,0.8557561
43.80123517,-122.5608879,0.9655237
43.80123517,-122.5608879,0.9655237
43.80123517,-122.5608879,0.9655237
43.80123517,-122.5608879,0.9655237
43.80123517,-122.5608879,0.9655237
43.80123517,-122.5608879,0.9655237
43.80123517,-122.5608879,0.9655237
43.80123517,-122.5608879,0.9655237
43.80123517,-122.5608879,0.9655237
43.80123517,-122.5608879,0.9655237
44.123738,-122.6275715,0.95215505
44.123738,-122.6275715,0.95215505
44.123738,-122.6275715,0.95215505
44.4984564,-122.8234214,0.99933666
44.4984564,-122.8234214,0.99933666
44.4984564,-122.8234214,0.99933666
44.4984564,-122.8234214,0.99933666
44.4984564,-122.8234214,0.99933666
44.4984564,-122.8234214,0.99933666
44.4984564,-122.8234214,0.99933666
44.4984564,-122.8234214,0.99933666
44.4984564,-122.8234214,0.99933666
46.47011066,-122.0987075,0.99910396
46.47011066,-122.0987075,0.99910396
46.47011066,-122.0987075,0.99910396
46.47011066,-122.0987075,0.99910396
46.47011066,-122.0987075,0.99910396
45.7039986,-123.755405,0.92713517
45.7039986,-123.755405,0.92713517
45.7039986,-123.755405,0.92713517
45.7039986,-123.755405,0.92713517
45.7039986,-123.755405,0.92713517
45.7039986,-123.755405,0.92713517
45.7039986,-123.755405,0.92713517
45.7039986,-123.755405,0.92713517
44.06234317,-123.8831659,0.99563235
44.06234317,-123.8831659,0.99563235
44.06234317,-123.8831659,0.99563235
44.06234317,-123.8831659,0.99563235
43.5859502,-123.5553727,0.999627
43.5859502,-123.5553727,0.999627
43.5859502,-123.5553727,0.999627
43.5859502,-123.5553727,0.999627
43.5859502,-123.5553727,0.999627
43.5859502,-123.5553727,0.999627
43.5859502,-123.5553727,0.999627
43.5859502,-123.5553727,0.999627
43.5859502,-123.5553727,0.999627
43.5859502,-123.5553727,0.999627
43.5859502,-123.5553727,0.999627
42.5248471,-122.8428203,0.81153345
42.5248471,-122.8428203,0.81153345
42.5248471,-122.8428203,0.81153345
42.5248471,-122.8428203,0.81153345
42.5248471,-122.8428203,0.81153345
42.5248471,-122.8428203,0.81153345
42.5248471,-122.8428203,0.81153345
42.5248471,-122.8428203,0.81153345
42.520664,-124.0442535,0.994789
42.520664,-124.0442535,0.994789
42.12344278,-124.1873107,0.9982139
42.12344278,-124.1873107,0.9982139
42.12344278,-124.1873107,0.9982139
42.12344278,-124.1873107,0.9982139
42.12344278,-124.1873107,0.9982139
18.428972,-66.5264747,0.99905366
18.428972,-66.5264747,0.99905366
18.428972,-66.5264747,0.99905366
18.428972,-66.5264747,0.99905366
18.428972,-66.5264747,0.99905366
18.3402753,-66.00558468,0.9970957
18.3402753,-66.00558468,0.9970957
18.3402753,-66.00558468,0.9970957
-30.8306,26.9206,0.9508908
-30.8306,26.9206,0.9508908
-30.8306,26.9206,0.9508908
-30.8306,26.9206,0.9508908
